Country Name,Country Code,Indicator Name,Indicator Code,1960,1961,1962,1963,1964,1965,1966,1967,1968,1969,1970,1971,1972,1973,1974,1975,1976,1977,1978,1979,1980,1981,1982,1983,1984,1985,1986,1987,1988,1989,1990,1991,1992,1993,1994,1995,1996,1997,1998,1999,2000,2001,2002,2003,2004,2005,2006,2007,2008,2009,2010,2011,2012,2013,2014,2015,2016,2017,2018,2019,2020,2021,2022,2023,2024,2025
Aruba,ABW,Fixed telephone subscriptions (per 100 people),IT.MLT.MAIN.P2,,,,,,,,,,,,,,,,,,,,,,,14.25945877,15.70277782,17.14089818,18.6109991,20.22369216,21.54693561,24.43263073,27.04347018,29,28.6,29.6,29.5,29.3,36,42.8,41,41.9,42.3,42.9,41.1,40.6,40.5,40.8,40.6,40.5,40,39.3,37.1,35,,35.4,34.1,33.9,33.6,,,,32.7,32.6,32.5,32.1,,,
Africa Eastern and Southern,AFE,Fixed telephone subscriptions (per 100 people),IT.MLT.MAIN.P2,0.837004595,0.842367989,0.843302196,0.844147336,0.844889228,0.802419855,0.793235824,0.793285842,0.793241386,0.793198742,0.771958057,0.773276942,0.773499134,0.773571514,0.773216402,0.875758878,0.870190826,0.912702955,0.977188108,0.983141221,1.028055712,1.035800528,1.087787281,1.126244197,1.141956562,1.182689651,1.253770885,1.285367144,1.334849422,1.390548442,1.44710622,1.472040639,1.444568226,1.466698451,1.506186435,1.567046161,1.637149552,1.743998307,1.868326404,1.986175783,1.87304962,1.872920957,1.916293746,1.970605027,1.964532082,1.858767933,1.8401693,1.855509075,1.849399263,1.88896679,1.80633242,1.712507059,1.618772747,1.346621915,1.299733859,1.3,1.3,1.3,1,0.8,0.7,0.6,0.6,0.5,0.5,0.4
Afghanistan,AFG,Fixed telephone subscriptions (per 100 people),IT.MLT.MAIN.P2,0.089301599,0.0855843,0.0855843,0.0855843,0.0855843,0.097227988,0.093408,0.093408,0.093408,0.093408,0.148796072,0.143194,0.143194,0.143194,0.143194,0.176847227,0.178668178,0.1749781,0.195534971,0.194819661,0.206620969,0.284172531,0.27754957,0.291414848,0.292863331,0.294894838,0.306265757,0.319682007,0.327443839,0.32792513,0.301,0.302,0.218,0.194,0.178,0.17,0.163,0.157,0.151,0.146,0.144,0.143,0.155,0.161,,,,,,0.0187,0.0588,0.046,0.295,0.303,0.311,0.325,0.329,0.333,0.348,0.356,0.373,0.364,0.4,0.439,,
Africa Western and Central,AFW,Fixed telephone subscriptions (per 100 people),IT.MLT.MAIN.P2,0.060733012,0.061229388,0.061344375,0.061462302,0.061584088,,0.084772283,0.084924887,0.085069734,0.085237512,,0.097804436,0.098227014,0.098643513,0.098995565,,,,,,,0.231021098,0.226620962,0.247470023,0.255090339,0.260687981,0.269817653,0.277338088,0.28312997,0.294404899,0.31914488,0.326362144,0.350685264,0.36817621,0.391795347,0.424545371,0.451066403,0.476133352,0.526052395,0.581384244,0.664712876,0.719843165,0.766436639,0.797818432,0.858342716,0.915791887,1.089437052,1.055554962,0.965839668,1.07996468,0.945105557,0.86359106,0.780607914,0.75551643,0.768008217,0.7,0.7,0.6,0.6,0.5,0.5,0.5,0.5,0.4,0.4,0.3
Angola,AGO,Fixed telephone subscriptions (per 100 people),IT.MLT.MAIN.P2,0.124430766,0.122201,0.122201,0.122201,0.122201,0.17431983,0.173293,0.173293,0.173293,0.173293,0.215599449,0.220699,0.220699,0.220699,0.220699,0.255946745,0.261463812,0.266244438,0.321684494,0.372985042,0.432170483,0.425188983,0.550789793,0.4946799,0.47828473,0.474895195,0.465421298,0.579761264,0.58768962,0.585690036,0.602,0.599,0.394,0.416,0.4,0.385,0.371,0.425,0.429,0.429,0.401,0.459,0.463,0.474,0.507,0.502,0.49,0.454,0.53,1.35,1.21,0.659,0.828,0.821,1.06,1.01,1.04,0.533,0.549,0.385,0.356,0.348,0.264,0.236,,
Albania,ALB,Fixed telephone subscriptions (per 100 people),IT.MLT.MAIN.P2,0.400014259,0.418376,0.418376,0.418376,0.418376,0.696142729,0.737855,0.737855,0.737855,0.737855,7.441721214,8.04387,8.04387,8.04387,8.04387,0.817320863,0.829169062,0.857721021,0.871770654,0.900039221,0.928049953,0.969125662,0.986459528,1.003914944,1.021800758,1.049113653,1.091319087,1.111908665,1.133919232,1.174523533,1.22,1.26,1.37,1.31,1.27,1.29,1.97,2.69,3.6,4.4,4.82,6.27,7.02,8.18,8.86,9.07,8.39,9.92,11.5,12.3,11.4,11.6,10.7,9.67,8.12,7.82,8.58,8.51,8.59,8.42,7.78,6.94,6.27,6.16,,
Andorra,AND,Fixed telephone subscriptions (per 100 people),IT.MLT.MAIN.P2,,,,,,3.686771863,2.69556,2.69556,2.69556,2.69556,9.516616314,7.78547,7.78547,7.78547,7.78547,13.95441389,14.2486516,15.22827878,17.01663904,18.53728545,19.72985875,24.18146916,26.90553915,29.67946181,30.81956331,31.95617439,34.18046267,35.44662538,36.07161558,37.62151904,40.9,41.3,42,42.3,43.9,46.6,48.4,49.4,50.4,51.1,52.1,52.4,52.5,50.6,47.1,45.8,45.9,45.4,44.8,45.2,47.3,49.4,49.9,51.3,51.9,53.8,53.6,52.1,52.4,51.9,62.8,63.5,63.8,63.9,,
Arab World,ARB,Fixed telephone subscriptions (per 100 people),IT.MLT.MAIN.P2,,,,,,,0.67822386,0.679674338,0.681111953,0.682512837,0.827909911,0.79958447,0.802601557,0.805438545,0.807701717,0.98911431,1.029058775,1.114709546,1.219445729,1.376801277,,1.669827155,2.028265847,2.189096654,2.332017842,2.578033365,2.756064581,2.886930103,3.019820606,3.190215728,3.415510365,3.653852542,3.899180235,4.10596175,4.332497734,4.605958764,4.93185882,5.300268828,5.808378623,6.424071092,6.902673719,7.414622435,8.133094801,8.676888918,9.085828449,9.327723339,9.515977787,9.936075418,10.07860125,9.726941464,9.604437821,9.382147057,9.157613351,8.472538839,7.240058468,7.40338029,7.644470694,8.153359975,8.237891717,8.398399543,8.674175781,8.990482563,9.48106494,,,
United Arab Emirates,ARE,Fixed telephone subscriptions (per 100 people),IT.MLT.MAIN.P2,,,,,,,,,,,,,,,,4.749408348,5.871434456,7.049476488,8.951705844,10.60991665,11.89204061,12.96069734,13.96559165,14.37015382,14.43105758,15.00881456,15.02541707,15.72425819,17.58902072,19.68535137,20.9,21.8,23.2,24.9,26.4,27.6,28.4,29.6,30.1,29.9,29.2,28.3,27.6,27.1,26.8,26.5,26.1,24.6,25.3,23.6,21.3,25.4,26.2,26.6,25.5,26,25.3,25.1,25.1,25.2,25.2,22.9,22.3,21.2,,
Argentina,ARG,Fixed telephone subscriptions (per 100 people),IT.MLT.MAIN.P2,4.494680621,4.46571,4.46571,4.46571,4.46571,4.987833993,4.96398,4.96398,4.96398,4.96398,5.397855277,5.38932,5.38932,5.38932,5.38932,6.380538731,6.382592608,6.333809742,6.365550349,6.514614524,6.704775052,7.723571311,8.164330917,7.732288548,8.714098395,8.950652013,9.298746865,9.501303688,10.02106858,9.587833226,9.24,9.42,10.7,11.7,14.4,16.3,17.6,19,19.5,19.6,21.2,21.6,20.3,22.4,22.6,24.1,23.9,23.7,24.1,23.9,24,23.3,22.4,22.7,22.8,23.2,23.2,22,21.9,17.2,16.3,16.8,15.5,15.4,,
Armenia,ARM,Fixed telephone subscriptions (per 100 people),IT.MLT.MAIN.P2,,,,,,,,,,,,,,,,6.711888309,7.250602577,8.430216188,8.886770692,9.363725187,9.569002556,10.73274333,11.24293452,11.73458469,12.22455779,12.72381802,13.22440432,14.02414062,14.88043084,15.37040055,15.8,15.8,16.2,16.9,17.4,17.6,17.7,17.5,17.3,17.2,17.1,17.2,17.8,18.5,19.2,19.8,20.2,21,21.2,20.4,20.2,20.1,20,19.8,19.6,18.9,18.2,17.2,16.4,15.6,14.8,14.6,12.7,11.2,,
American Samoa,ASM,Fixed telephone subscriptions (per 100 people),IT.MLT.MAIN.P2,,,,,,,,,,,,,,,,,,,,,,,13.00647496,12.52211787,12.18298051,11.8495361,11.52325271,11.20395873,10.89104464,10.58589699,11.8,11.5,12.2,15.9,18.5,18.7,18.7,18.6,18.4,18.1,18,22.1,24.6,18.8,18.2,18.4,18.4,18.5,18.6,18.7,18.8,,18.4,18.5,18.5,18.9,,,,19.9,20.1,20.3,20.1,,,
Antigua and Barbuda,ATG,Fixed telephone subscriptions (per 100 people),IT.MLT.MAIN.P2,,,,,,,,,,,2.634923587,2.64892,2.64892,2.64892,2.64892,2.967127352,2.96921394,,,,,5.378326879,6.132053778,7.644324853,8.867537713,10.76128397,12.36246755,14.76232654,17.19233534,20.42868816,25.3,21.6,26.1,29.3,36.3,38,40.2,43.6,47,49.5,51.1,49,49.4,48.8,48.3,45.8,46.5,46.4,45.8,44.4,42.6,41.1,38,37.6,22.4,22.4,25,26.5,,29.6,29.4,29.2,29.4,,,
Australia,AUS,Fixed telephone subscriptions (per 100 people),IT.MLT.MAIN.P2,15.18442454,15.2505,15.2505,15.2505,15.2505,17.69453112,17.7669,17.7669,17.7669,17.7669,21.46877889,21.1365,21.1365,21.1365,21.1365,25.48453379,26.35689573,27.52694657,29.01921828,30.64260684,32.24913748,33.95394738,35.31391649,36.34947263,37.55321424,39.19270007,40.60296401,41.92260663,42.91171865,44.17553136,45.5,46.4,47.1,48.2,49.4,49.2,50.1,50.5,51,51.6,52.5,51.9,53.1,52.8,51.7,49.9,48.3,46.6,43.8,49.2,48,47,45.8,44.5,38.9,35.5,34.9,34.2,32.6,24.3,21.2,25.9,26.1,24.4,,
Austria,AUT,Fixed telephone subscriptions (per 100 people),IT.MLT.MAIN.P2,6.085344139,6.06451,6.06451,6.06451,6.06451,9.009767413,8.96627,8.96627,8.96627,8.96627,12.98005438,12.8921,12.8921,12.8921,12.8921,19.8629365,21.45828835,23.0890476,24.93304123,26.93613936,29.0292415,30.70186336,32.20946922,33.70645486,34.93843141,36.09293645,37.2452046,38.38602923,39.5756063,40.72259843,42,43.1,44.2,45.3,46.5,47.8,49,49.8,50.2,49.3,49.9,49.7,48,47.7,46.7,45.4,43.6,41.1,39.5,39,40.6,40.4,40.1,39.3,41.2,41.8,40.8,42.2,42.2,41.9,42.4,42.5,40.6,39.5,,
Azerbaijan,AZE,Fixed telephone subscriptions (per 100 people),IT.MLT.MAIN.P2,,,,,,,,,,,,,,,,3.544296619,3.819679253,4.414826951,4.670913225,5.081617123,5.326598841,6.025470126,6.242841668,6.447736522,6.639886774,6.82035193,7.133557023,7.430581892,7.698503998,8.02844082,8.57,8.48,8.38,8.27,8.35,8.28,8.24,8.29,8.48,9.01,9.8,10.5,11.1,11.2,11.9,12.7,13.5,14.2,14.7,15.5,16.5,18.2,18.4,18.5,18.6,18.4,17.2,16.9,16.7,16.5,16.2,16.1,15.9,15.8,,
Burundi,BDI,Fixed telephone subscriptions (per 100 people),IT.MLT.MAIN.P2,,,,,,0.044898648,0.0452433,0.0452433,0.0452433,0.0452433,0.057178242,0.0574866,0.0574866,0.0574866,0.0574866,0.072014749,0.067869364,,,,,0.04453606,0.047802477,0.051412185,0.078682138,0.107315567,0.131522941,0.137792161,0.139344138,0.142657839,0.142,0.179,0.22,0.274,0.276,0.284,0.25,0.261,0.288,0.3,0.309,0.31,0.324,0.339,0.38,0.366,0.355,0.349,0.358,0.348,0.373,0.309,0.173,0.204,0.201,0.197,0.174,0.203,0.209,0.171,0.145,0.123,0.112,0.105,,
Belgium,BEL,Fixed telephone subscriptions (per 100 people),IT.MLT.MAIN.P2,8.55511705,8.50039,8.50039,8.50039,8.50039,11.15554806,11.1179,11.1179,11.1179,11.1179,13.95252403,13.9485,13.9485,13.9485,13.9485,18.94784927,19.85974985,20.94749291,22.22402264,23.60880265,24.84481105,26.28214375,27.61502036,28.562052,29.62410873,30.69083108,32.63774656,34.01127773,35.5428693,37.35108688,39.3,41,42.4,43.6,44.9,46.2,45.5,46.8,47.6,49,49.1,49.9,47.7,47,46.1,45.8,44.8,45.6,44.2,42.9,42.4,42,41.7,41.1,40.4,39.8,38.6,37.6,35.9,34.2,31.5,28.6,25.5,22.8,,
Benin,BEN,Fixed telephone subscriptions (per 100 people),IT.MLT.MAIN.P2,0.086614411,0.0894876,0.0894876,0.0894876,0.0894876,0.084069152,0.0873742,0.0873742,0.0873742,0.0873742,0.115762063,0.120178,0.120178,0.120178,0.120178,0.15724969,0.169376958,0.179644231,0.193350045,0.206087567,0.222095344,0.238712046,0.238753902,0.238521826,0.246466981,0.246224052,0.264381236,0.281181465,0.281396069,0.285881824,0.28,0.276,0.281,0.348,0.393,0.453,0.511,0.554,0.565,0.623,0.715,0.796,0.816,0.841,0.892,0.905,0.89,1.24,1.25,1.34,1.36,1.51,1.51,1.49,1.77,1.71,1.07,0.472,0.392,0.282,0.248,0.0857,0.0111,0.0101,,
Burkina Faso,BFA,Fixed telephone subscriptions (per 100 people),IT.MLT.MAIN.P2,,,,,,,,,,,0.02673003,0.0266686,0.0266686,0.0266686,0.0266686,0.039097856,0.041468865,0.062338611,0.0608108,,,0.093630724,0.09806309,0.099426597,0.100587295,0.099634248,0.116742227,0.137000658,0.14778871,0.162935568,0.177,0.19,0.205,0.222,0.26,0.289,0.32,0.332,0.367,0.409,0.446,0.472,0.488,0.509,0.631,0.655,0.659,0.788,0.971,0.97,0.89,0.849,0.823,0.777,0.683,0.4,0.392,0.382,0.376,0.359,0.349,0.37,0.323,,,
Bangladesh,BGD,Fixed telephone subscriptions (per 100 people),IT.MLT.MAIN.P2,,,,,,,,,,,0.066625349,0.070058,0.070058,0.070058,0.070058,0.080320914,0.089028448,0.097264079,0.107489856,0.108658295,0.11318988,0.117230796,0.121957642,0.125849194,0.129471305,0.157775554,0.166782424,0.173549165,0.182200921,0.183042497,0.195,0.195,0.201,0.208,0.218,0.234,0.253,0.289,0.318,0.328,0.365,0.413,0.436,0.526,0.581,0.739,0.775,0.802,0.899,0.818,0.842,0.637,0.62,0.691,0.617,0.542,0.476,0.436,0.887,0.879,0.836,0.174,0.17,0.176,,
Bulgaria,BGR,Fixed telephone subscriptions (per 100 people),IT.MLT.MAIN.P2,,,,,,,,,,,,,,,,,,,,8.969932008,10.11067627,12.74501549,12.60021058,15.1031108,15.66084866,16.82165768,17.99349985,19.68247487,21.34494667,22.64768986,24.7,25.4,27.3,28.5,29.6,30.7,31.9,32.6,33.9,35.1,36,36.4,36.5,36.1,35.2,32.4,31.4,30.3,29.1,29.5,29.1,30.8,29.1,26.7,25.2,23.1,20.8,18.2,15.9,14,12.6,11.5,10.1,9.11,,
Bahrain,BHR,Fixed telephone subscriptions (per 100 people),IT.MLT.MAIN.P2,,,,,,1.657928004,1.70729,1.70729,1.70729,1.70729,2.830760935,2.96324,2.96324,2.96324,2.96324,4.910282131,5.23256589,6.152148337,6.72746833,9.607840875,11.36805527,12.08886416,12.91580673,14.07557835,15.34527464,15.95322946,16.19450195,16.09211169,17.17149147,17.53516046,18.3,18.9,20.5,22.1,23.5,23.7,23.7,24.4,24.7,25.3,25.5,24.8,23.3,22.9,22,20.8,19.5,19.2,19.7,20.1,18.8,22.9,24.6,23.2,21.7,20.5,19.6,19.2,18.3,18.4,18.5,17.5,17.2,15.7,,
"Bahamas, The",BHS,Fixed telephone subscriptions (per 100 people),IT.MLT.MAIN.P2,,,,,,,,,,,11.38844073,12.0441,12.0441,12.0441,12.0441,11.29378198,12.80956447,12.58704057,13.58038472,13.26187416,13.89037863,14.14308024,17.10763771,15.33269086,16.08974731,17.07199057,19.31109552,21.08263111,22.42255771,23.29750049,25.3,27.8,26.9,26.1,26.6,27.8,29.2,31.6,33.6,34.8,35.3,37.6,38.2,39.3,41.2,38.7,37.8,37.6,37.1,35.5,35.2,35.8,36,35.9,32.9,31.4,31.2,29.2,28.9,23.1,23,21.6,21.8,24.2,,
Bosnia and Herzegovina,BIH,Fixed telephone subscriptions (per 100 people),IT.MLT.MAIN.P2,,,,,,,,,,,,,,,,,,,,,,,,,,,,,,,,,14.2,15.4,6.71,6.4,7.03,7.54,8.15,8.91,18.8,20.3,21.6,22.4,23,23.7,24.3,26.5,26.1,25.7,26.2,25.5,25.3,24.7,23.8,22.3,22.6,22.1,21.9,21.8,21.4,21.2,20.3,19.3,,
Belarus,BLR,Fixed telephone subscriptions (per 100 people),IT.MLT.MAIN.P2,0.894008498,0.92309,0.92309,0.92309,0.92309,1.297641162,1.35086,1.35086,1.35086,1.35086,2.808919541,2.88998,2.88998,2.88998,2.88998,5.159599181,5.656406649,6.068206307,6.513766806,6.927868172,7.363563977,7.661139314,8.081352822,8.599518915,9.654051087,9.897158956,10.92834801,11.95173529,13.04014717,14.09494581,15.5,16.4,17.1,17.7,18.5,19.3,20.9,22.8,24.7,26.3,27.5,28.8,30.1,31.3,32.6,34,35.1,38.4,39,41.9,43.6,44.4,46.6,47.2,47.7,47.9,47.5,47.4,47.4,47.2,47.1,46.8,46.1,45.8,,
Belize,BLZ,Fixed telephone subscriptions (per 100 people),IT.MLT.MAIN.P2,1.113749002,1.10575,1.10575,1.10575,1.10575,2.67078731,2.63855,2.63855,2.63855,2.63855,2.481286961,2.45535,2.45535,2.45535,2.45535,2.522916491,2.506162387,2.583288663,2.582539785,2.715356465,2.666519675,2.620257589,3.43089975,3.869839093,3.806011733,4.2830221,4.784946558,5.848637268,7.007327663,8.536332858,9.46,11.4,13,14.7,14.2,14.2,14.1,14.1,14.4,15.5,14.8,14.2,12.2,12.6,12.4,12.1,11.9,11.5,10.2,9.97,9.46,8.81,7.6,7.04,6.51,6.62,6.14,5.65,5.49,4.79,4.86,4.81,4.42,,,
Bermuda,BMU,Fixed telephone subscriptions (per 100 people),IT.MLT.MAIN.P2,22.12915814,20.6763,20.6763,20.6763,20.6763,26.64315758,25.3948,25.3948,25.3948,25.3948,30.82335301,30.5032,30.5032,30.5032,30.5032,32.86014721,33.53755644,36.27465659,38.34499271,40.21999401,41.76421171,43.59174133,48.68232176,50.17803342,52.032756,53.62787938,55.99785695,58.22097644,60.95875925,63.55693299,64.8,67.2,68.1,71.5,74.7,78,81.1,86.2,88.6,89.9,91.1,90.8,90.1,86.6,86.1,83.7,91.8,91.4,91,90.8,90.7,,108,113,46,18.9,32.1,34.4,,39,38.8,38.7,38.7,,,
Bolivia,BOL,Fixed telephone subscriptions (per 100 people),IT.MLT.MAIN.P2,,,,,,,,,,,,,,,,,,,,,2.355263727,2.421972407,2.471992707,2.450732115,2.522726597,2.48598807,2.449776395,2.465655293,2.429368766,2.445367692,2.56,2.8,2.8,3.06,3.14,3.14,4.35,4.71,5.44,5.94,5.93,5.99,6.64,6.74,6.79,6.9,7,7,8.01,8.03,8.36,8.49,8.37,8.19,8.08,8,7.76,7.5,6.19,5.59,5.06,4.61,3.93,,,
Brazil,BRA,Fixed telephone subscriptions (per 100 people),IT.MLT.MAIN.P2,0.889283944,0.900536,0.900536,0.900536,0.900536,1.004446187,1.01951,1.01951,1.01951,1.01951,1.297085837,1.31422,1.31422,1.31422,1.31422,2.025052043,2.255439707,2.6856267,3.188633871,3.591603069,4.047808859,4.258274835,4.546435545,4.809991222,5.004153634,5.26491342,5.335735453,5.481999584,5.693475898,5.93905231,6.31,6.64,7.03,7.21,7.7,8.2,9.2,10.2,11.8,14.6,17.8,21.2,21.7,21.7,21.7,21.6,20.8,20.9,21.7,21.6,21.8,22,22.5,22.7,22.1,21.7,20.7,19.7,18.6,16.3,14.7,13.8,13,12.1,,
Barbados,BRB,Fixed telephone subscriptions (per 100 people),IT.MLT.MAIN.P2,2.981294345,3.00156,3.00156,3.00156,3.00156,4.54407768,4.58811,4.58811,4.58811,4.58811,7.739118547,7.82014,7.82014,7.82014,7.82014,10.94580922,11.66134507,12.54210676,12.9632802,13.38107429,13.62087596,13.72759969,14.93885981,16.34165549,17.89892645,18.80028382,20.00696675,21.27939255,22.98907877,25.55002918,27.9,30.1,30.8,31.6,32.6,34.4,36.8,41.3,43.1,43.8,47.3,49.1,50.4,50.4,50.8,50.2,49.7,49.5,49.5,49.5,50,50.9,51.8,53.6,48.8,53.6,50,43,45.6,45.5,45.4,42.9,43,,,
Brunei Darussalam,BRN,Fixed telephone subscriptions (per 100 people),IT.MLT.MAIN.P2,,,,,,,,,,,,,,,,,,4.221388368,4.654436473,5.221185924,5.906737406,7.215942462,7.476449185,8.191863071,8.850299513,9.367951413,9.703457129,10.35370532,11.21967696,11.90484633,13.7,14.9,17.8,19.9,21.7,23.4,26.4,25.1,24.9,24.8,24.7,26.5,23.9,23.6,23.5,23.4,22,21.5,21.4,20.9,20.4,20,17.5,,17.2,18,17.4,19.4,18.9,19.6,23.2,24.9,26.8,26.5,,
Bhutan,BTN,Fixed telephone subscriptions (per 100 people),IT.MLT.MAIN.P2,0,0,0,0,0,0.098035371,0.0984275,0.0984275,0.0984275,0.0984275,0.128808206,0.129492,0.129492,0.129492,0.129492,0.161807704,0.184005778,0.178008273,0.172204631,0.273588965,0.286568832,0.279954554,0.293983958,0.306995327,0.308402369,0.309579632,0.320544284,0.320995436,0.32133008,0.337737891,0.318,0.417,0.512,0.687,0.825,0.957,1.11,1.15,1.83,2.06,2.37,2.87,3.14,3.71,4.66,4.99,4.7,4.4,4,3.8,3.75,3.88,3.76,3.65,3.25,2.94,2.82,2.83,2.9,2.82,2.99,2.54,2.51,2.34,,
Botswana,BWA,Fixed telephone subscriptions (per 100 people),IT.MLT.MAIN.P2,0.077993386,0.0795632,0.0795632,0.0795632,0.0795632,0.21016682,0.214288,0.214288,0.214288,0.214288,0.388353449,0.366408,0.366408,0.366408,0.366408,0.645666479,0.652380406,0.681563581,0.694612865,0.716284275,0.759446738,0.794914663,0.82951453,0.891755294,0.916964619,0.928775169,0.996469829,1.195629818,1.44417699,1.705115962,2.02,2.43,2.64,3.06,3.46,3.98,4.7,5.45,6.35,7.54,8.1,8.65,8.49,7.4,7.29,7.42,7.04,7.17,7.3,6.9,6.76,7.21,7.61,8.14,7.79,7.28,6.36,6.23,6.2,6.11,5.92,3.91,3.76,3.62,,
Central African Republic,CAF,Fixed telephone subscriptions (per 100 people),IT.MLT.MAIN.P2,,,,,,,,,,,,,,,,,,,0.108074661,0.099777102,0.108352006,0.10135149,0.115900447,0.112220086,0.109647645,0.10183798,0.151027759,0.156752156,0.163327731,0.165925813,0.174,0.181,0.199,0.214,0.226,0.25,0.282,0.278,0.264,0.264,0.247,0.228,0.225,0.232,0.239,0.233,,,,0.0786,0.0207,0.0179,0.0178,0.0172,0.0173,0.0406,0.0417,0.0439,0.045,0.0404,0.0398,0.0391,0.041,,,
Canada,CAN,Fixed telephone subscriptions (per 100 people),IT.MLT.MAIN.P2,27.84858372,27.9453,27.9453,27.9453,27.9453,26.7614007,26.8443,26.8443,26.8443,26.8443,30.39014952,30.4758,30.4758,30.4758,30.4758,35.77934749,36.74583274,37.6128364,38.68931243,39.61745272,40.71148615,41.48367495,41.1745696,41.2777773,46.1965329,48.29246118,49.57882447,50.85438381,52.11931622,53.76439112,55,56.2,57,58,59.2,59.6,60.4,62.1,63.6,66.6,67.5,67.7,65.4,64.7,64,55.9,55.7,55.2,54.6,55.3,53.8,52.9,50.8,47.9,46,43.4,41.7,39.3,37.1,36,34.9,31.7,29.4,27.7,,
Central Europe and the Baltics,CEB,Fixed telephone subscriptions (per 100 people),IT.MLT.MAIN.P2,,,,,,2.392976387,2.379421759,2.378165509,2.376680711,2.375173596,3.265796829,3.234109502,3.233116951,3.232327011,3.231708125,4.841728814,5.317486042,5.759523005,6.178132976,7.284978865,7.728353868,8.260545775,8.475152123,8.962851414,9.356677368,9.861915225,10.28031258,10.82512985,11.40955549,11.99100915,12.78620092,13.52141311,14.53078061,15.62989397,17.22017848,19.03995327,21.2486605,23.63081967,26.18796115,28.32841975,29.60184568,30.09424183,30.11415115,30.35791743,30.57589362,29.46798373,28.46631742,27.33257368,26.47269689,25.43399999,24.0285628,23.22989032,21.88522951,23.69718111,24.6791312,23.40576966,22.00773803,20.70075518,19.13608067,18.01657207,16.98819724,15.90964706,14.73092819,,,
Switzerland,CHE,Fixed telephone subscriptions (per 100 people),IT.MLT.MAIN.P2,20.47520838,20.6597,20.6597,20.6597,20.6597,25.02967365,25.22,25.22,25.22,25.22,31.46624449,31.6216,31.6216,31.6216,31.6216,38.9696365,40.03443946,41.37984179,42.61703287,43.7705527,44.92719152,46.03618239,47.09783456,48.22152326,49.43609737,50.65092961,51.99473271,53.47443911,55.10308341,56.94233464,58.7,60,60.9,61.5,60.9,63.6,64.6,66.1,68.7,70.9,72.9,74.5,74,72.6,71.1,69.3,67.1,65.3,63.2,66.3,62.7,61.9,59,56.8,53.4,50,45,42.1,39.1,37,35.5,34.5,34.2,33.9,,
Channel Islands,CHI,Fixed telephone subscriptions (per 100 people),IT.MLT.MAIN.P2,,,,,,,,,,,,,,,,,,,,,,,,,,,,,,,,,,,,,,,,,,,,,,,,,,,,,,,,,,,,,,,,,,
Chile,CHL,Fixed telephone subscriptions (per 100 people),IT.MLT.MAIN.P2,1.618839522,1.6206,1.6206,1.6206,1.6206,1.812130737,1.8132,1.8132,1.8132,1.8132,2.413323501,2.42254,2.42254,2.42254,2.42254,2.791476691,2.850566985,2.962663152,3.097574124,3.105004896,3.164825139,3.322897917,3.423240732,3.647639342,3.959594849,4.357226557,4.458723168,4.568590169,4.841671821,4.919504856,6.43,7.73,9.24,10.8,11.1,12.5,14.6,18,20.1,20.3,21.3,22.2,21.9,20.3,20.7,21.2,20.5,20.8,20.9,20.9,20.1,19.4,18.8,18.9,19.2,19.1,18.5,17.2,15.9,14.3,13.3,12.9,11.3,10.1,,
China,CHN,Fixed telephone subscriptions (per 100 people),IT.MLT.MAIN.P2,,,,,,,,,,,,,,,,0.184892843,0.18948199,0.194465977,0.201541359,0.209955816,0.217911238,0.22270031,0.231133587,0.243678044,0.265664994,0.294273001,0.32511559,0.356201253,0.423608137,0.500733981,0.594,0.722,0.968,1.45,2.26,3.34,4.46,5.66,6.99,8.63,11.4,14.1,16.6,20.3,23.9,26.8,27.9,27.6,25.5,23.4,21.8,21,20.3,19.4,18,16.5,14.7,13.7,13.5,13.4,12.8,12.7,12.6,12.2,,
Cote d'Ivoire,CIV,Fixed telephone subscriptions (per 100 people),IT.MLT.MAIN.P2,0.099496826,0.105322,0.105322,0.105322,0.105322,0.191413545,0.203461,0.203461,0.203461,0.203461,0.310384025,0.333198,0.333198,0.333198,0.333198,0.350482442,0.366892585,0.373467819,0.396334622,0.408385407,0.451178435,0.493990574,0.525529502,0.549124385,0.537748961,0.572938281,0.592767405,0.596802288,0.603656931,0.596487307,0.597,0.641,0.635,0.656,0.723,0.779,0.841,0.887,1.02,1.27,1.49,1.61,1.74,1.24,1.32,1.29,1.32,1.18,1.66,1.28,1.26,1.2,1.18,1.14,0.989,1.1,1.11,1.14,1.1,0.964,0.912,0.895,0.866,0.784,,
Cameroon,CMR,Fixed telephone subscriptions (per 100 people),IT.MLT.MAIN.P2,,,,,,,,,,,,,,,,0.175588317,0.17805936,0.180996752,0.189086141,0.201082663,0.201927442,0.20731567,0.23561438,0.271473763,0.295680633,0.304571873,0.320388833,0.335444911,0.334585768,0.346895391,0.355,0.359,0.455,0.463,0.458,0.502,0.526,0.546,0.664,0.651,0.637,0.694,0.705,0.603,0.599,0.588,0.745,1.05,1.37,2.28,2.74,3.31,3.54,3.73,5.24,4.61,4.48,3.67,3.64,3.36,3.68,3.22,3.24,,,
"Congo, Dem. Rep.",COD,Fixed telephone subscriptions (per 100 people),IT.MLT.MAIN.P2,,,,,,,,,,,0.110660458,0.111439,0.111439,0.111439,0.111439,0.116689075,0.113717953,0.104302094,0.10113833,0.097672989,0.099593069,0.08751617,0.088489338,0.088363542,0.095950944,0.094188156,0.091410179,0.088650927,0.086476904,0.091885661,0.0927,0.0923,0.0918,0.0885,0.0845,0.081,0.0795,0.0198,0.0198,0.0195,0.0194,0.0191,0.0186,0.0176,0.0185,0.018,0.016,0.0056,0.058,0.0637,0.0612,0.0804,0.0813,0,0,0,0,0,0,0,0,0,0,,,
"Congo, Rep.",COG,Fixed telephone subscriptions (per 100 people),IT.MLT.MAIN.P2,,,,,,0.323004906,0.337548,0.337548,0.337548,0.337548,0.350754372,0.369286,0.369286,0.369286,0.369286,0.34462917,0.378223365,0.382022775,0.396976432,0.430204818,0.464232453,0.474836144,0.468865902,0.489023234,0.487126444,0.492544441,0.484878319,0.498251437,0.666123472,0.679896653,0.666,0.69,0.711,0.739,0.769,0.779,0.778,0.762,0.745,0.725,0.698,0.672,0.657,0.203,0.388,0.43,0.358,0.337,0.22,0.271,0.3,0.308,0.315,0.323,0.328,0.333,0.326,0.318,,0.303,0.296,,0.292,,,
Colombia,COL,Fixed telephone subscriptions (per 100 people),IT.MLT.MAIN.P2,1.752565451,1.71218,1.71218,1.71218,1.71218,2.150383014,2.09877,2.09877,2.09877,2.09877,2.850957946,2.77467,2.77467,2.77467,2.77467,3.578916541,3.601388065,3.83162672,4.04261657,3.9965874,4.109458995,4.235275003,4.718193201,4.631722993,5.250881243,5.804664488,6.003961736,6.268320071,6.62372615,6.818071681,7.44,7.96,8.36,9.12,10,10.8,12.7,14.5,16.8,17.3,18.4,18.6,19.3,19.2,18.3,18.2,18.4,18.3,18.1,16.9,16,15.7,15.5,15.5,15.4,15.1,15,14.5,14.2,14.1,14.3,14.8,14.6,13.9,,
Comoros,COM,Fixed telephone subscriptions (per 100 people),IT.MLT.MAIN.P2,0,0,0,0,0,0.046524828,0.0482104,0.0482104,0.0482104,0.0482104,0.123787399,0.130404,0.130404,0.130404,0.130404,0.160693625,0.173124199,0.201239636,0.227318486,0.251475058,0.274116128,0.295870243,0.316953558,0.336948037,0.382865144,0.424331159,0.4589865,0.507195985,0.567059573,0.688539124,0.734,0.799,0.828,0.847,0.886,0.892,0.998,1.08,1.21,1.24,1.26,1.62,1.84,2.32,2.6,2.86,3.15,4.22,4.58,4.8,3.24,3.46,3.52,3.3,3.3,2.01,1.76,2.27,1.34,1.28,0.944,0.905,0.883,1.04,,
Cabo Verde,CPV,Fixed telephone subscriptions (per 100 people),IT.MLT.MAIN.P2,0.089588655,0.0931777,0.0931777,0.0931777,0.0931777,,0.0931777,0.0931777,0.0931777,0.0931777,,0.0931777,0.0931777,0.0931777,0.0931777,0.489526112,,,,,0.453608377,0.486609003,0.520962616,0.571048736,0.652809615,0.671425293,1.081125044,1.609896822,1.813538977,1.898645819,2.2,2.36,2.96,3.79,4.5,5.15,5.93,7.68,9.09,10.5,12.1,13.9,15,15.1,15,14.8,14.6,14.5,14.3,14.2,14.1,14.6,13.7,12.9,11.6,12.4,12.6,12.7,12.2,11.2,11.2,10.6,11,11.6,,
Costa Rica,CRI,Fixed telephone subscriptions (per 100 people),IT.MLT.MAIN.P2,0.742775395,0.751438,0.751438,0.751438,0.751438,1.247866149,1.25562,1.25562,1.25562,1.25562,2.155523151,2.16521,2.16521,2.16521,2.16521,3.83549968,4.189072978,4.771682625,5.384457246,5.686901992,6.519479949,6.875333994,7.392209442,7.430033266,7.509049774,7.574699716,7.539236645,8.221446046,8.546534989,8.834034156,9.02,9.52,9.95,10.8,12.5,13.5,14.5,18.5,19.6,20.8,22.8,23.6,25.5,28,32,32.6,30.8,32.8,32.4,33.3,23.3,22.4,21.3,20.5,18.5,17.8,17.2,16.6,15.5,12.8,11.1,9.95,9.67,13.3,,
Caribbean small states,CSS,Fixed telephone subscriptions (per 100 people),IT.MLT.MAIN.P2,,,,,,,,,,,3.545779578,3.453552846,3.461905809,3.469595652,3.477312887,4.236677602,4.62919078,,,,,5.448334247,5.958098798,6.227197664,6.868132338,7.436392223,8.278810288,8.879599924,9.751131279,10.78242619,12.28063302,13.1912482,14.39312337,15.64832282,16.35098412,17.25048395,18.27012461,19.84548688,20.88478508,21.92120028,22.96336398,23.90748793,24.08135777,24.26406742,24.37944601,23.85694359,23.94146178,24.23901889,24.43119031,24.32131683,24.1598945,24.17391897,24.07108178,23.9957988,22.6943758,23.13615685,21.71434566,20.62163617,20.53225088,18.19175226,18.26495146,18.32422359,,,,
Cuba,CUB,Fixed telephone subscriptions (per 100 people),IT.MLT.MAIN.P2,2.138345602,2.17612,2.17612,2.17612,2.17612,,2.17612,2.17612,2.17612,2.17612,,2.17612,2.17612,2.17612,2.17612,,2.05189909,2.036692304,2.014391388,2.158631595,,2.356689709,2.462439224,2.553935615,2.548298705,2.64655469,2.811788016,3.586745696,3.388828071,2.88877741,3.17,3.16,3.12,3.22,3.21,3.23,3.25,3.37,3.51,3.92,4.4,5.15,5.96,6.46,6.84,7.6,8.53,9.35,9.64,9.91,10.3,10.6,10.8,11,11.2,11.5,11.7,12,12.3,12.9,13.4,13.8,14.2,14.4,,
Curacao,CUW,Fixed telephone subscriptions (per 100 people),IT.MLT.MAIN.P2,,,,,,,,,,,,,,,,,,,,,,,,,,,,,,,,,,,,,,,,,,,,,,,,,,53.3,50.3,42.9,39.7,39.1,37,37.6,35.3,36.6,32.4,28.2,28.9,28.7,27.3,,,
Cayman Islands,CYM,Fixed telephone subscriptions (per 100 people),IT.MLT.MAIN.P2,,,,,,,,,,,13.29155986,15.3106,15.3106,15.3106,15.3106,17.76520919,19.02324294,20.50807092,21.59278547,23.20185615,24.26900585,,,,32.84882298,34.45476727,35.05293985,38.18150299,39.86475205,43.23368692,47.4,43.2,44.6,46.7,56.2,59.3,,53.5,74.9,82.3,88.2,92.5,89.4,86.5,83.8,81.2,78.8,70.5,69.9,68.7,69,67,65.4,62.6,54.7,54.4,54.1,53.9,,53.5,52.4,51.3,50,,,
Cyprus,CYP,Fixed telephone subscriptions (per 100 people),IT.MLT.MAIN.P2,1.855378241,1.85538,1.85538,1.85538,1.85538,3.537181718,3.53718,3.53718,3.53718,3.53718,5.436435312,5.43644,5.43644,5.43644,5.43644,8.532855436,9.580036152,8.713165829,10.67814251,12.01689189,13.12131341,14.99106796,16.35791091,18.94711903,22.33732236,25.143966,28.47872146,32.54164408,36.16020025,39.31577093,42.4,45.2,47.6,49.7,51.7,52.9,55,57.2,59.3,61.4,63.1,61.7,59.9,58.7,57.1,56.5,53.9,52.7,51.9,50.6,49.2,47,43.1,40.7,38.7,38.2,37.5,36.7,35.6,36.5,34.8,33.7,32.3,29.3,,
Czechia,CZE,Fixed telephone subscriptions (per 100 people),IT.MLT.MAIN.P2,,,,,,,,,,,,,,,,,,,,11.25848094,11.47736235,11.71250689,11.95668414,12.32422595,12.63506928,12.93233198,13.39774699,13.94896682,14.51331463,15.11454806,15.8,16.6,17.6,19.1,21.1,23.7,27.4,31.9,36.4,37.1,37.8,37.7,35.9,35.4,33.4,31.3,28,23.2,23.9,24.2,22.6,21,20.2,19,19,18.1,16.7,15.6,14.3,14.2,12.7,12.4,11.6,11.1,,
Germany,DEU,Fixed telephone subscriptions (per 100 people),IT.MLT.MAIN.P2,4.408468529,4.38742,4.38742,4.38742,4.38742,6.37185859,6.35343,6.35343,6.35343,6.35343,10.96755314,10.9279,10.9279,10.9279,10.9279,16.34623116,18.13582873,20.13263093,22.16556508,24.27879547,26.26618588,27.86386353,29.08320441,30.14926734,31.48259581,32.70503586,33.66088646,34.58418508,35.45371522,36.55486833,40,41.8,43.8,45.4,47.4,51.2,53.6,54.9,56.7,59,61.4,63.9,65.4,66,66.4,66.8,66.6,65.3,62,66.3,65.4,63.6,61.9,60.1,57.8,55.3,54.7,53.4,51,45.8,45.9,46,45.9,45.9,,
Djibouti,DJI,Fixed telephone subscriptions (per 100 people),IT.MLT.MAIN.P2,,,,,,,,,,,0.808289294,0.730933,0.730933,0.730933,0.730933,0.743592448,0.713027248,0.655911302,0.689593248,0.74953113,0.809574202,0.876021048,0.963081862,0.98551639,0.960340803,1.010209404,1.013231641,0.984363392,0.995364227,0.922272713,0.985,0.987,1.08,1.2,1.2,1.19,1.26,1.23,1.13,1.22,1.3,1.29,1.27,1.25,1.34,1.26,1.32,1.61,1.67,1.85,1.99,1.94,2.06,2.1,2.19,2.24,2.4,3.47,3.44,3.41,3.52,2.44,2.46,2.49,,
Dominica,DMA,Fixed telephone subscriptions (per 100 people),IT.MLT.MAIN.P2,,,,,,,,,,,1.886929385,1.82911,1.82911,1.82911,1.82911,3.057503506,3.540168367,4.061434393,4.332349127,0.549692172,1.658033928,,4.268443808,4.303366589,5.421485765,6.721045868,8.42530963,9.8858886,11.36428206,14.29081815,16.7,17.9,19.8,22.9,24,25.6,27,27.7,29,31,33.1,34,34.7,32.8,30.5,27.6,25.4,25.3,25.4,24,22.5,21.7,23.5,24.6,23.4,29.2,19.1,18.9,4.1,8.2,9.41,11.1,,,,
Denmark,DNK,Fixed telephone subscriptions (per 100 people),IT.MLT.MAIN.P2,18.20245947,18.2049,18.2049,18.2049,18.2049,21.67350631,21.6547,21.6547,21.6547,21.6547,25.37095538,25.3284,25.3284,25.3284,25.3284,33.74046746,36.13555873,38.36055367,40.22650535,42.09957069,43.42641499,44.63901856,45.86947795,46.89869821,48.15156813,49.67896955,51.34169856,52.94709959,54.46121199,55.47159778,56.6,57.2,58.1,59,60,61,61.8,63.2,65.9,68.4,71.8,72.1,68.8,67,64.6,61.8,57,51.7,54.2,50.2,47.1,44.5,41.1,37.3,33.2,26.7,24.4,19.1,19.4,17.3,12.6,12.4,12,12.7,,
Dominican Republic,DOM,Fixed telephone subscriptions (per 100 people),IT.MLT.MAIN.P2,,,,,,,,,,,,,,,,,,,,,1.885055075,1.935348815,1.968419502,2.038322082,2.134635148,2.239085742,2.261102402,2.889707025,3.32152655,4.068749255,4.77,5.62,6.44,6.98,7.17,7.39,7.7,8.62,9.29,9.79,10.4,11,10.3,10.1,9.91,9.72,9.6,9.59,10.3,9.96,10.3,11.1,11.2,11.5,11.9,12.5,12.7,12.5,11.9,11.1,10.5,10.4,10.2,10.1,,
Algeria,DZA,Fixed telephone subscriptions (per 100 people),IT.MLT.MAIN.P2,,,,,,0.587177908,0.579242,0.579242,0.579242,0.579242,0.694408454,0.662289,0.662289,0.662289,0.662289,0.819729887,0.852839996,1.006175255,1.17395887,1.433369694,1.661741388,1.875320682,2.041045203,2.155384429,2.174998703,2.42650479,2.528437277,2.69166574,2.875916687,3.012719376,3.2,3.4,3.61,3.92,4.02,4.13,4.4,4.73,4.91,5.25,5.7,6,6.14,6.46,7.62,7.77,8.45,8.97,8.82,7.26,8.08,8.29,8.74,8.16,7.9,8.16,8.33,9.84,9.88,10.7,10.9,11.4,12.3,13.7,,
East Asia & Pacific (excluding high income),EAP,Fixed telephone subscriptions (per 100 people),IT.MLT.MAIN.P2,,,,,,,,,,,,,,,,0.223835911,0.23222768,0.245969416,0.259562715,0.27634569,0.301451974,0.317641032,0.327842293,0.378462498,0.408607508,0.44556154,0.488640299,0.522964935,0.586723011,0.659018354,0.758158214,0.891671795,1.116141619,1.525788209,2.211305904,3.118007305,4.061991899,5.026225393,6.038466538,7.249228781,9.269383885,11.24724462,13.08805234,15.61900103,18.53423973,20.98085331,21.33925336,21.4462527,20.75015499,19.56854615,18.54534193,17.60977127,17.05263495,15.8292574,14.60580134,12.84987955,11.54222751,11.14426991,10.84418813,10.62249002,10.1,10,9.9,9.9,9.2,8.7
Early-demographic dividend,EAR,Fixed telephone subscriptions (per 100 people),IT.MLT.MAIN.P2,0.402379276,0.403285952,0.403851019,0.404337131,0.404734406,0.473443046,0.488018396,0.488135733,0.488191754,0.488239193,0.585416313,0.59093097,0.59164584,0.592415327,0.593096975,0.813078627,0.864544856,0.910778078,0.966056299,1.021364696,1.100091325,1.188297924,1.23575703,1.287105739,1.361791346,1.446135369,1.548520591,1.650879746,1.785790109,1.905151179,2.034265403,2.215913035,2.436112633,2.693567678,3.019845205,3.32639278,3.645961668,3.996759196,4.345534269,4.768823245,5.173864336,5.598352474,5.853061308,6.079849827,6.485654668,7.004488507,6.817875318,6.940686935,7.294383613,7.323217689,7.350454276,7.128947829,6.988007168,6.480866688,5.96205651,5.434023435,5.455436759,5.342273318,5.322215431,5.08319554,5.123145116,5.150106947,5.168639507,,,
East Asia & Pacific,EAS,Fixed telephone subscriptions (per 100 people),IT.MLT.MAIN.P2,,,,,,,,,,,,,,,,3.105198095,3.269235724,3.39307401,3.53016469,3.675871553,3.908802111,3.995872941,3.917231398,4.040193058,4.169930093,4.324927974,4.491120578,4.645420372,4.889284424,5.142530279,5.40867722,5.677534486,6.001657374,6.485621013,7.242836991,8.173618521,9.168226261,10.16682595,10.88319566,12.21594295,14.01775392,15.7026429,17.29909587,19.48031968,21.93783852,24.14771205,24.14258327,24.01646243,23.28146264,23.28827455,22.38968985,21.53401908,20.96252223,19.85337643,18.50415668,16.8,15.6,15.1,14.6,14.3,13.7,13.6,13.4,13.3,12.6,12
Europe & Central Asia (excluding high income),ECA,Fixed telephone subscriptions (per 100 people),IT.MLT.MAIN.P2,,,,,,,,,,,,,,,,3.73504336,4.034377693,4.334699013,4.613536402,4.888122287,5.111322235,5.44170697,5.816387788,6.220333828,6.640994397,7.043822042,7.608239985,8.383685447,9.395870388,10.29383315,11.10809086,12.0009409,12.82947514,13.95372642,14.52397122,15.07890286,16.11317257,16.88295028,17.71181505,18.49960207,19.13382323,19.6898585,19.95193297,20.22301848,21.3844249,21.17485734,22.20529901,21.98561095,21.91579791,21.6429011,21.73931058,21.45703889,20.60269801,20.17775539,19.24262738,17.895542,17.28174308,16.49775594,16.21773464,15.66725469,15.1,14.5,13.6,13,12.1,11.4
Europe & Central Asia,ECS,Fixed telephone subscriptions (per 100 people),IT.MLT.MAIN.P2,5.448833115,5.450758309,5.444707923,5.43938147,5.434491378,7.095054768,7.087558728,7.07986815,7.071544821,7.062228217,9.847098858,9.82971475,9.811300804,9.791250093,9.769928831,11.44150067,12.32855126,13.43171338,14.52767316,15.46555427,16.45316926,17.4715744,18.29604701,19.11999924,19.97021362,20.76099567,21.61024165,22.54274722,23.63378897,24.80074113,26.12224047,27.27068385,28.22822351,29.28914921,30.32108788,31.57787624,32.83821003,34.25248391,35.39091055,36.49723548,37.54677259,37.90280166,38.32741525,38.28925742,38.49124402,38.30371718,39.01760969,37.95748823,37.43877223,38.1238401,37.55272145,36.81961476,35.66703584,35.05815284,34.20942864,32.9,31.9,31.1,29.9,28.7,28.1,27.4,26.4,25.5,24.3,23.3
Ecuador,ECU,Fixed telephone subscriptions (per 100 people),IT.MLT.MAIN.P2,,,,,,0.899322361,0.915336,0.915336,0.915336,0.915336,1.458147521,1.48285,1.48285,1.48285,1.48285,2.322051354,2.409523422,2.464476568,2.593119572,2.739037853,2.790122328,2.89370905,3.02953349,3.011616925,2.926816077,2.901760822,3.01802005,3.447744234,3.84751411,4.44808743,4.68,4.59,4.86,5.36,5.79,6.02,6.78,7.48,8.09,9.06,9.65,10.3,10.7,11.4,11.7,12.1,12.6,12.7,13.1,13.6,13.8,14.4,14.8,15.1,15.2,15.4,14.9,14.4,13.8,12.7,11.8,10.4,9.22,7.98,,
"Egypt, Arab Rep.",EGY,Fixed telephone subscriptions (per 100 people),IT.MLT.MAIN.P2,0.815635607,0.827935,0.827935,0.827935,0.827935,,0.827935,0.827935,0.827935,0.827935,0.835202452,0.841691,0.841691,0.841691,0.841691,0.889735149,0.890311369,0.892123183,0.899543676,0.919487213,,0.957692849,1.035845096,1.231957442,1.316057543,1.783745304,2.093270551,2.115768573,2.211155362,2.500232983,2.74,3.03,3.3,3.55,3.82,4.14,4.51,5.05,5.68,6.55,7.5,8.97,10.2,11.2,11.9,12.8,13.1,13.3,13.8,11.8,10.8,9.57,9.19,7.15,6.48,6.26,6.02,6.37,7.44,8.15,9.02,9.94,10.3,10.9,,
Euro area,EMU,Fixed telephone subscriptions (per 100 people),IT.MLT.MAIN.P2,5.023854004,5.027126818,5.028088584,5.029173682,5.030433511,7.162538025,7.145650334,7.14634376,7.147081945,7.147620077,10.50797851,10.48666383,10.4837663,10.48001548,10.47582939,15.69641527,17.15181037,18.8425584,20.66651979,22.51942459,24.3515537,26.01936037,27.50916119,28.92358502,30.3108093,31.4735486,32.80890923,34.02569277,35.4322649,37.08995253,39.20475815,40.8200665,42.40461954,43.71806682,45.10641094,46.84332544,48.16207919,49.39028151,50.42164998,51.28600134,52.47005168,52.67283727,52.83626518,52.34467804,51.9230787,51.75583093,51.9770662,50.03166063,48.78760888,51.47960586,50.87409578,49.82856042,48.7018786,47.60863462,46.64433855,45.95157995,45.77793634,45.3798654,44.24753125,42.2036028,41.86814628,41.89496823,41.34055047,,,
Eritrea,ERI,Fixed telephone subscriptions (per 100 people),IT.MLT.MAIN.P2,,,,,,,,,,,,,,,,,,,,,,,,,,,,,,,,,0.723,0.718,0.794,0.866,0.889,1.02,1.11,1.24,1.36,1.35,1.5,1.53,1.51,1.42,1.39,1.36,1.44,1.68,1.84,1.95,1.98,2.01,2.07,2.13,2.11,2.1,,2.04,2.01,1.97,2,,,
Spain,ESP,Fixed telephone subscriptions (per 100 people),IT.MLT.MAIN.P2,4.28316517,4.28502,4.28502,4.28502,4.28502,5.527526068,5.52164,5.52164,5.52164,5.52164,8.418998742,8.39636,8.39636,8.39636,8.39636,13.13742555,14.16196059,15.55332963,16.77722956,18.01071904,19.28108503,20.27138206,21.10910049,22.14763729,23.17178288,24.27863751,25.35655641,26.45440446,28.29073706,30.36801408,32.2,33.8,35,35.9,36.8,37.7,38.3,39.2,40.1,40.4,41.7,42.5,42.2,41.8,41.5,44.3,44.4,44.4,44.5,43.4,43.1,42.3,41.6,41.4,41.2,41.5,41.7,41.8,42,41.4,40.8,39.9,39.1,38.5,,
Estonia,EST,Fixed telephone subscriptions (per 100 people),IT.MLT.MAIN.P2,,,,,,,,,,,,,,,,8.426705916,9.056992869,11.05644314,11.65301436,12.93699818,13.54111726,15.48020956,16.04949665,16.60341871,17.14899309,17.69584384,18.22889371,18.73740878,19.10763497,19.76981557,20.4,21.2,22,23.2,25.6,28.3,30.6,33,35.3,36.7,37.4,36.5,34.4,33.6,32.6,32.6,33.6,37,37.3,36.9,36.2,35.6,33.9,32.4,31,29.5,28.2,27.5,26.1,24.4,22.9,22.3,19.7,17.4,,
Ethiopia,ETH,Fixed telephone subscriptions (per 100 people),IT.MLT.MAIN.P2,0.039724541,0.0389865,0.0389865,0.0389865,0.0389865,0.068749351,0.067963,0.067963,0.067963,0.067963,0.116573807,0.116136,0.116136,0.116136,0.116136,0.140297971,0.157581694,0.169728356,0.173168771,0.175969705,0.183328483,0.192055333,0.200363348,0.219164614,0.229176982,0.237236467,0.248909012,0.247668975,0.238106808,0.250764385,0.263,0.268,0.245,0.247,0.248,0.248,0.25,0.255,0.259,0.298,0.344,0.408,0.494,0.548,0.637,0.779,0.898,1.06,1.05,1.04,1,0.89,0.832,0.774,0.811,0.857,1.07,1.08,,1.08,0.841,0.725,0.688,,,
European Union,EUU,Fixed telephone subscriptions (per 100 people),IT.MLT.MAIN.P2,5.381489883,5.379675287,5.378231586,5.3773749,5.377262754,7.198488284,7.175740027,7.175807266,7.175742728,7.175017341,10.17729287,10.13301861,10.12641759,10.1184471,10.10962118,14.7071797,15.98837531,17.4342023,18.97363475,20.04336916,21.55331506,22.93079236,24.10434133,25.28112746,26.43088446,27.44419647,28.57395135,29.64141199,30.86421795,32.26357737,34.04743256,35.44344882,36.86835689,38.10397631,39.51598053,41.2553549,42.75954025,44.29611272,45.73436831,46.84194648,48.05006441,48.33891548,48.50066535,48.21905326,47.88594324,47.44580237,47.33693015,45.4729991,44.33886454,46.11508699,45.2278372,44.18562704,42.96321294,42.50473128,41.96512585,41.05464104,40.49592643,39.74312587,38.46560991,36.55585144,35.97311716,35.73318922,35.52281815,,,
Fragile and conflict affected situations,FCS,Fixed telephone subscriptions (per 100 people),IT.MLT.MAIN.P2,0.812939443,0.808099359,0.804667513,0.800923003,0.7966914,,0.936623707,0.929222816,0.921313018,0.913109948,1.31071924,1.020734019,1.011123714,1.001337856,0.991162254,1.59962351,1.68983081,1.789416596,,,,1.765280509,1.773831271,1.865035713,1.955000874,2.050345317,2.144082669,2.228335364,2.306956715,2.37357213,2.434892456,2.480080369,2.537144254,2.590740012,2.656123887,2.743267927,2.967212522,3.024732674,3.066102181,3.137805826,3.217484799,3.302854776,3.509828462,3.659887685,4.02102093,3.986449415,4.301615211,4.469340729,4.554033677,4.49605609,4.402088655,4.26446092,4.091763639,3.984300947,3.721173951,3.4,3.4,2.9,2.7,2.4,2.2,1.8,1.6,1.6,1.7,1.8
Finland,FIN,Fixed telephone subscriptions (per 100 people),IT.MLT.MAIN.P2,9.667410279,9.65778,9.65778,9.65778,9.65778,13.29803548,13.2864,13.2864,13.2864,13.2864,18.73390496,18.7106,18.7106,18.7106,18.7106,28.71777369,30.26123274,31.50627203,32.84656174,34.54667873,36.40514389,38.29273567,39.94314317,41.62090461,43.09931606,44.66745883,46.19602568,47.9504381,49.9336711,52.00953817,53.5,54.2,54.4,54.5,55,55,55.5,55.7,55.1,55.2,55,54.1,52.4,49.3,45.3,40.4,36.3,32.9,31.1,26.8,23.3,20,16.4,13.8,11.7,9.8,8.32,6.86,5.86,4.87,4.07,3.74,3.25,2.82,,
Fiji,FJI,Fixed telephone subscriptions (per 100 people),IT.MLT.MAIN.P2,1.285085394,1.31239,1.31239,1.31239,1.31239,1.513826997,1.53028,1.53028,1.53028,1.53028,1.819443023,1.84416,1.84416,1.84416,1.84416,2.808941932,2.959732836,3.087992605,3.195515067,3.393606516,3.711397464,3.707672979,3.804611149,3.825009768,4.056090892,4.100426002,4.474468733,4.504768289,4.66462577,5.069729159,5.49,5.85,6.32,6.83,7.48,8.11,8.71,8.84,9.36,9.8,10.3,10.9,11.4,11.8,12,12.7,12.9,13.6,14.3,15.1,14.3,14.2,9.66,7.66,8.26,7.9,8.07,8.27,6.14,5.58,5.3,5.29,4.5,,,
France,FRA,Fixed telephone subscriptions (per 100 people),IT.MLT.MAIN.P2,4.804492814,4.80307,4.80307,4.80307,4.80307,6.363039448,6.28761,6.28761,6.28761,6.28761,8.447539729,8.40755,8.40755,8.40755,8.40755,13.5347873,16.02725134,19.00787149,22.58567035,26.12636811,29.59759153,32.84721929,35.85811292,38.36066569,40.26965331,41.79160866,43.18293058,44.57749931,46.19316628,47.96595503,49.3,50.8,52.3,53.5,54.7,55.7,56.4,57.5,58,57.4,57.1,56.9,56.6,55.8,55.1,54.7,55,55.7,55.9,64.9,64.1,63.3,62,60.7,60,60,59.9,59.3,58.2,57.5,57.3,57.6,57.1,56,,
Faroe Islands,FRO,Fixed telephone subscriptions (per 100 people),IT.MLT.MAIN.P2,9.392750483,9.26766,9.26766,9.26766,9.26766,13.1101084,12.9319,12.9319,12.9319,12.9319,17.98729696,17.7139,17.7139,17.7139,17.7139,25.91690051,27.76830516,29.14828476,30.28476111,31.24029549,32.00864031,33.56567996,35.13495154,35.64216795,37.75340645,38.77783873,39.79700506,41.82929191,44.32803084,46.43714466,48.1,50.7,51.6,51.5,51.2,50.7,51.7,52.9,53.5,55,54.6,50.1,52.1,51.2,49.9,49.3,47.6,46.3,45,43.2,41.9,40.8,38.9,44.7,43.3,41.1,38.5,35.9,33.7,30.4,29.2,28.8,27.7,,,
"Micronesia, Fed. Sts.",FSM,Fixed telephone subscriptions (per 100 people),IT.MLT.MAIN.P2,,,,,,,,,,,,,,,,,,,,,,,,1.202602432,1.285902996,1.443739627,1.476835258,1.571436265,1.867623991,2.162279433,2.42,2.61,2.86,5.74,6.61,7.15,7.44,7.57,8.18,8.83,8.61,8.97,8.99,9.92,10.7,11.2,8.05,7.92,7.99,8.06,7.86,7.8,7.79,9.29,6.48,6.26,6.31,6.35,,6.35,6.31,6.27,5.78,,,
Gabon,GAB,Fixed telephone subscriptions (per 100 people),IT.MLT.MAIN.P2,,,,,,,,,,,,,,,,,,,,,,1.357776784,1.329812496,1.352364326,1.319867485,1.401080233,1.476702183,1.546933977,1.827045431,1.973530829,2.11,2.6,2.66,2.8,2.87,2.85,3.04,3.15,3.19,3.06,3.06,2.84,2.38,2.78,2.72,2.67,2.42,1.7,2.06,2.19,1.77,1.26,1.22,1.01,0.935,0.919,0.902,0.985,0.986,0.983,1.09,1.33,1.79,,,
United Kingdom,GBR,Fixed telephone subscriptions (per 100 people),IT.MLT.MAIN.P2,9.586430867,9.61799,9.61799,9.61799,9.61799,12.04877819,12.0463,12.0463,12.0463,12.0463,16.55520668,16.5781,16.5781,16.5781,16.5781,23.51295991,24.81194113,26.79356897,29.08566256,30.79348188,32.24247105,33.33046906,34.08495069,35.1689081,36.32072569,37.38323037,38.30442308,39.88292608,41.68375103,43.44550597,44.2,45,45.9,47.2,48.9,50.6,52.6,54.5,56,57.8,59.7,58.3,58.3,57.8,57.5,56.2,55.4,54.4,55.1,53.6,53,52.4,51.9,51.8,51.2,50.8,49.5,47.9,47.2,48.8,48.6,47.1,44.1,38.8,,
Georgia,GEO,Fixed telephone subscriptions (per 100 people),IT.MLT.MAIN.P2,,,,,,,,,,,,,,,,4.426274365,4.894974819,5.157909396,5.318048867,5.771111459,6.218610591,6.561308773,6.897162163,7.225098318,7.547474558,7.866837664,8.181979117,8.494319147,8.89885724,9.36556213,9.91,10.4,10.8,11,10.4,11.3,11.8,13.1,13.7,15.1,11.8,13.5,15.5,16.3,16.8,14.2,13.8,14,15.7,15.8,28.5,34.6,33.2,31.5,28.9,25.1,22.2,18.8,15.9,13.7,10.2,9.11,8.33,7.3,,
Ghana,GHA,Fixed telephone subscriptions (per 100 people),IT.MLT.MAIN.P2,,,,,,0.221009269,0.223529,0.223529,0.223529,0.223529,0.264051906,0.267873,0.267873,0.267873,0.267873,0.306165185,0.313816549,0.312586139,0.317076688,0.316142996,0.3176841,0.303800225,0.295201199,0.285956758,0.285583939,0.280116887,0.275356968,0.276784161,0.275646744,0.28580737,0.287,0.295,0.295,0.293,0.294,0.362,0.437,0.579,0.714,0.839,1.08,1.21,1.33,1.37,1.43,1.43,1.55,1.59,0.593,1.08,1.09,1.09,1.07,0.987,0.929,0.96,0.857,1,0.909,0.923,0.965,0.97,0.996,0.946,,
Gibraltar,GIB,Fixed telephone subscriptions (per 100 people),IT.MLT.MAIN.P2,8.981761525,8.36892,8.36892,8.36892,8.36892,,8.36892,8.36892,8.36892,8.36892,13.49072513,12.5848,12.5848,12.5848,12.5848,,,,,,,,,22.52642523,24.31568709,27.24768083,28.06426717,30.06508206,32.78928571,35.08017914,39.5,42.9,47.7,50.5,55.6,60.3,63.7,67.6,73.7,79.1,85,88.6,88.2,88.4,88.3,85.7,81.1,80,78.9,77.9,76.8,75.8,72.1,,71.3,,50.6,57.7,50.7,47.8,47.1,46.6,45.6,,,
Guinea,GIN,Fixed telephone subscriptions (per 100 people),IT.MLT.MAIN.P2,0.058405136,0.0587838,0.0587838,0.0587838,0.0587838,,0.0587838,0.0587838,0.0587838,0.0587838,0.111311788,0.113127,0.113127,0.113127,0.113127,,0.141669146,0.139523822,,,,0.204837682,0.223952818,0.24705269,0.270821409,0.262235882,0.229344533,0.208082293,0.167303144,0.180128764,0.176,0.173,0.156,0.162,0.127,0.144,0.209,0.249,0.188,0.255,0.288,0.298,0.3,0.295,0.289,0.27,0.244,0.228,0.273,0.217,0.173,0.169,0,0,0,0,0,0,0,,,0,0,,,
"Gambia, The",GMB,Fixed telephone subscriptions (per 100 people),IT.MLT.MAIN.P2,,,,,,0.169968708,0.19247,0.19247,0.19247,0.19247,0.187240417,0.213174,0.213174,0.213174,0.213174,0.239839846,0.253207025,0.260762593,0.267469471,0.284828563,0.299198704,0.309620029,0.299373139,0.28910344,0.293405173,0.292070405,0.33746541,0.443764246,0.538592914,0.570152801,0.585,0.912,1.22,1.37,1.49,1.52,1.64,1.85,1.86,2.06,2.29,2.34,2.5,2.66,2.65,2.64,2.7,2.76,2.69,2.59,2.53,2.54,3.14,3.05,2.58,2.02,1.66,1.37,1.83,2.44,2.38,2.33,2.39,,,
Guinea-Bissau,GNB,Fixed telephone subscriptions (per 100 people),IT.MLT.MAIN.P2,0.056234795,0.0527481,0.0527481,0.0527481,0.0527481,,0.0527481,0.0527481,0.0527481,0.0527481,,0.0527481,0.0527481,0.0527481,0.0527481,,,,,,,0.220129545,0.365698846,0.442460631,0.557429955,0.611051364,0.601670237,0.592411957,0.583195487,0.594841162,0.612,0.621,0.627,0.63,0.635,0.657,0.693,0.655,0.68,0.504,0.901,0.785,0.868,0.801,0.72,0.696,0.479,0.315,0.312,0.317,0,0,0,0,0,0,0,0,0,,,,0,,,
Equatorial Guinea,GNQ,Fixed telephone subscriptions (per 100 people),IT.MLT.MAIN.P2,,,,,,,,,,,,,,,,,,,,,,0.168378515,0.190029169,0.207873043,0.223467432,0.237856752,0.251714174,0.289317668,0.30121459,0.289906784,0.274,0.264,0.255,0.245,0.457,0.44,0.618,0.616,0.87,0.869,0.867,0.92,1.1,1.13,1.17,1.06,1.01,0.965,0.922,0.881,1.14,1.17,1.15,1.1,1.08,0.78,0.729,0.716,0.671,0.659,0.655,0.644,0.631,,,
Greece,GRC,Fixed telephone subscriptions (per 100 people),IT.MLT.MAIN.P2,2.139200969,2.19655,2.19655,2.19655,2.19655,4.867319224,4.90902,4.90902,4.90902,4.90902,10.38049244,10.2383,10.2383,10.2383,10.2383,19.15866543,20.31398263,21.20329467,22.29456553,23.45012246,24.39421829,25.49283926,26.59736039,28.16828109,30.04897549,31.67431933,33.12933254,34.5574427,35.75095922,37.09512133,38.5,40.7,43.4,45.6,47.5,49.1,50.4,51.1,51.9,52.3,52.5,51.7,57.8,57.7,58,57.5,56,49.5,47.4,54,53,51.7,49.4,49.2,48.8,48.6,48.3,48.1,47.7,44.8,45.4,46.4,46.8,48.4,,
Grenada,GRD,Fixed telephone subscriptions (per 100 people),IT.MLT.MAIN.P2,1.122936484,1.17088,1.17088,1.17088,1.17088,,1.17088,1.17088,1.17088,1.17088,,1.17088,1.17088,1.17088,1.17088,3.138990377,,,,,3.188595289,3.15053244,3.107713345,3.189170469,3.609789395,3.881641744,4.955745195,6.958388835,9.010993412,12.09384826,15.2,16.1,18.2,19.6,20.4,22.3,23,25.2,25.9,27.6,29.2,30.3,30.9,30,29.9,25,25.2,25.8,25.8,25.5,25.4,25,24.6,25.2,23.9,23.6,23.3,28.1,19.5,21,16.6,22.3,14.5,,,
Greenland,GRL,Fixed telephone subscriptions (per 100 people),IT.MLT.MAIN.P2,,,,,,1.504968992,1.52776,1.52776,1.52776,1.52776,3.433551965,3.38586,3.38586,3.38586,3.38586,9.507629705,11.00284452,12.04889523,14.3020871,16.75408452,19.07755558,19.91955677,20.8819462,21.27577716,22.36027205,23.158587,24.75431805,27.15123138,28.76519771,29.9486419,29.8,30.1,30.2,31.5,33.1,35.1,37.7,41.6,44.5,45.6,46.6,42.9,44.8,44.5,44.2,56.5,63.3,40.8,40.3,39,38.5,35,33.3,31.9,30.6,28.6,,16.5,14.4,12.7,11.3,,8.92,,,
Guatemala,GTM,Fixed telephone subscriptions (per 100 people),IT.MLT.MAIN.P2,0.434833318,0.423227,0.423227,0.423227,0.423227,0.512302662,0.499126,0.499126,0.499126,0.499126,0.694471951,0.673646,0.673646,0.673646,0.673646,0.767253159,0.831976661,0.994057023,1.116552385,1.153723625,1.187432266,1.236298587,1.345599697,1.41273059,1.517702098,1.615935584,1.607364094,1.58576063,1.607212001,1.796926491,2.11,2.18,2.25,2.36,2.44,2.78,3.19,3.96,4.64,5.35,5.78,6.32,6.91,7.54,8.84,9.54,10.1,10.4,10.4,9.94,10.3,11,11.6,12.1,11,10.8,15.1,14.9,14.5,11.5,13.1,13.2,10.7,10.7,,
Guam,GUM,Fixed telephone subscriptions (per 100 people),IT.MLT.MAIN.P2,3.653245641,3.96152,3.96152,3.96152,3.96152,6.220173198,6.67112,6.67112,6.67112,6.67112,7.68403171,8.08923,8.08923,8.08923,8.08923,12.4851726,11.26981002,11.3960801,11.66587835,20.37851378,22.69825726,24.18124006,25.00753083,25.65194386,26.39783402,26.40604447,21.50601748,22.26333689,24.04586749,26.18831901,28.2,30.6,32.3,45.2,43,46.1,46,46.1,48,49,46.5,49.6,43.1,40.2,40,39.9,39.7,39.6,39.5,39.4,39.3,,40.3,40.4,40.7,41.2,,,,43.3,43.2,42.8,43.2,,,
Guyana,GUY,Fixed telephone subscriptions (per 100 people),IT.MLT.MAIN.P2,0.930610675,0.930889,0.930889,0.930889,0.930889,0.938161327,0.935772,0.935772,0.935772,0.935772,1.035076326,1.03556,1.03556,1.03556,1.03556,1.904531981,2.030384101,,,,,2.083274549,2.116366827,2.184045675,2.255134296,2.329581413,2.602445258,2.095047047,2.109565561,2.125124685,2.13,2.14,3.78,5.48,5.83,5.88,6.6,7.23,7.85,8.38,8.94,10.5,10.5,12.1,13.5,14.5,15.5,17,18.4,19.6,20,20.4,20.7,20.9,21.2,20.3,18.5,17.7,,15.5,15.5,15.3,15,,,
High income,HIC,Fixed telephone subscriptions (per 100 people),IT.MLT.MAIN.P2,11.91806385,11.79286182,11.80939545,11.82210452,11.83185733,13.63320721,13.42893771,13.42427567,13.41806778,13.4109748,17.26397923,17.07706657,17.0659538,17.05499247,17.044618,20.15734306,21.1628276,22.29882769,23.44350835,24.33644873,25.44513543,27.2186705,28.0720066,29.047315,29.99669328,30.99225232,31.93166291,33.0946096,34.38330852,35.74686241,37.24939575,38.43911424,39.52658289,40.64079527,41.91850007,43.38199625,44.87475527,46.56440614,47.39071457,49.23028511,50.04039479,49.92044834,49.75395309,48.92509209,48.24890163,47.50839414,46.63581211,44.81623177,44.46275447,45.85352705,45.05849288,44.02661194,42.80212365,41.9050504,41.18962119,39.4,38.3,37.3,35.9,34.4,33.4,32.7,31.5,30.2,29,28
"Hong Kong SAR, China",HKG,Fixed telephone subscriptions (per 100 people),IT.MLT.MAIN.P2,2.541038845,2.59828,2.59828,2.59828,2.59828,,2.59828,2.59828,2.59828,2.59828,11.95932716,12.2891,12.2891,12.2891,12.2891,18.80435027,19.9540325,21.30552339,22.69771125,24.06299356,25.68755042,27.24965152,28.58500398,29.95776759,31.2055844,32.60240812,34.17792521,36.23522528,38.67182315,40.76751332,44.5,47,49,50.7,52.1,53.1,54.8,56.8,57.2,58.5,58.6,57.5,56.2,55.5,54.6,54.9,55.3,60.4,59.6,60.5,61.4,60.8,60.8,60.8,60.4,58.8,58.3,57.1,56.2,53.8,52.1,50.8,49.2,46.8,,
Honduras,HND,Fixed telephone subscriptions (per 100 people),IT.MLT.MAIN.P2,,,,,,,,,,,,,,,,0.526142991,0.513971694,0.516721,0.568307285,0.73516082,0.766121668,0.80775494,0.82091379,0.854684536,1.01121091,1.046176202,1.11007076,1.167910676,1.391260234,1.60142834,1.77,1.84,1.99,2.16,2.35,2.8,3.22,3.85,4,4.36,4.54,4.58,4.65,4.7,5.31,6.6,9.34,10.5,10.3,8.75,8.05,7.19,7.01,6.96,5.82,5.38,4.71,5.12,5.45,4.93,5.25,4.52,3.96,4.17,,
Heavily indebted poor countries (HIPC),HPC,Fixed telephone subscriptions (per 100 people),IT.MLT.MAIN.P2,,,,,,0.143213941,0.130878238,0.130984552,0.131075421,0.13118203,0.16878748,0.163576797,0.163893903,0.164216621,0.164503359,0.206206185,0.208210712,0.208400836,0.218648406,0.226870385,0.286265657,0.283118191,0.291567694,0.299426174,0.31040908,0.316550121,0.325397038,0.3291135,0.335576441,0.348232649,0.361356937,0.375369729,0.388105272,0.401142476,0.418689902,0.442708357,0.495624549,0.531238114,0.590517272,0.662862197,0.741209271,0.78917058,0.874386009,0.932973746,1.019013561,0.976712399,1.057189107,1.086027078,1.090597186,1.080937394,1.102622536,1.087930648,1.05430473,0.988408396,1.008633789,0.920277781,0.915513625,0.865897798,0.732255642,0.736041631,0.699342199,0.632870591,0.703530274,,,
Croatia,HRV,Fixed telephone subscriptions (per 100 people),IT.MLT.MAIN.P2,,,,,,,,,,,2.938140131,2.98435,2.98435,2.98435,2.98435,4.782256649,5.327469464,5.780214952,6.524911061,7.120253131,7.734804741,8.418403139,9.368277785,10.52212909,11.30567574,12.0749689,12.83993734,13.60835404,14.48096809,15.46770309,17,18.5,20,21.7,25.8,27.9,30.4,33,35,37.2,39.8,41.4,42.4,43.5,43.8,43.6,42.4,42.8,43.5,43.1,43.4,43.2,40.9,39.3,37.2,35.3,34.7,34.4,33.7,33.5,32.9,32.3,31.6,30.9,,
Haiti,HTI,Fixed telephone subscriptions (per 100 people),IT.MLT.MAIN.P2,,,,,,,,,,,,,,,,,,,,,,0.347210407,0.408324095,0.433496689,0.457521423,0.496354278,0.533325218,0.568500552,0.601959982,0.622037124,0.657,0.643,0.631,0.618,0.674,0.793,0.778,0.764,0.812,0.859,0.873,0.946,1.51,1.6,1.57,1.6,1.63,1.16,1.13,1.1,0.51,0.504,0.497,0.401,0.395,0.0541,0.0533,0.0547,0.054,0.0536,0.0534,0.0527,0.0118,,,
Hungary,HUN,Fixed telephone subscriptions (per 100 people),IT.MLT.MAIN.P2,2.4382401,2.43376,2.43376,2.43376,2.43376,2.995339446,2.98681,2.98681,2.98681,2.98681,3.868646057,3.84971,3.84971,3.84971,3.84971,4.829007179,4.887267656,4.921002387,4.997720552,5.246563221,5.76893652,5.960328146,6.148865613,6.368554781,6.666725893,7.007656633,7.330256168,7.762776726,8.224823864,8.809126174,9.59,10.9,12.4,14.5,17.2,20.9,25.7,30.1,33.4,36.5,37.3,36.8,36.2,35.6,35.3,33.9,33.4,32.4,30.9,30.7,29.8,29.5,29.9,30.1,30.5,31.4,31.8,32,31.5,31.2,30.5,30.4,29.4,27.8,,
IBRD only,IBD,Fixed telephone subscriptions (per 100 people),IT.MLT.MAIN.P2,,,,,,,,,,,,,,,,1.121283707,1.20448079,1.314685164,1.412598299,1.529916298,1.6288533,1.739834811,1.812744149,1.908651261,2.020168172,2.146155698,2.273190603,2.40827388,2.580668766,2.746915095,2.943092623,3.177794288,3.476366149,3.873178965,4.422977994,5.072752982,5.80824248,6.615649581,7.436847689,8.433200191,9.803711935,11.14182643,12.2180798,13.51202636,15.11677206,16.34423684,16.46413768,16.55164267,16.25066097,15.58782583,14.97606314,14.41815994,13.99206759,13.24592675,12.44845321,11.4,10.7,10.3,9.9,9.5,9.1,9,8.9,8.9,8.6,8.4
IDA & IBRD total,IBT,Fixed telephone subscriptions (per 100 people),IT.MLT.MAIN.P2,,,,,,,,,,,,,,,,1.001092407,1.068973591,1.165477814,1.255131107,1.356271555,1.450144913,1.508593728,1.559714024,1.641008332,1.735109114,1.839586058,1.945678423,2.053328008,2.1942762,2.333491457,2.493562336,2.686686846,2.925975177,3.245662607,3.686653182,4.20972072,4.795690332,5.433576686,6.083136389,6.867615679,7.940923897,8.980004346,9.819295746,10.82816516,12.12302352,13.01873579,13.18639338,13.21093153,12.95179453,12.37875766,11.85818506,11.38855196,11.02756168,10.4301018,9.773994827,8.9,8.3,8,7.7,7.4,7.1,6.9,6.8,6.7,6.5,6.3
IDA total,IDA,Fixed telephone subscriptions (per 100 people),IT.MLT.MAIN.P2,,,,,,,0.168678048,0.169104177,0.169515978,0.169926604,0.205436273,0.181881276,0.182455765,0.183055543,0.183621431,0.343703289,0.356144289,0.378897538,0.406391754,0.428570959,0.470440702,0.457517233,0.456200687,0.483630089,0.512968578,0.536613878,0.565021726,0.583625057,0.607250367,0.649697284,0.677412962,0.719890467,0.747528741,0.792063294,0.842076826,0.914736376,0.976183567,1.026995065,1.097078464,1.172681269,1.249170822,1.312246123,1.424049492,1.542501532,1.671525586,1.79627508,1.938837781,1.99179227,2.010445373,2.107824431,2.073063803,1.988410434,1.938989926,1.887939969,1.748516582,1.6,1.5,1.4,1.4,1.5,1.4,1.3,1.3,1.2,1.1,1.1
IDA blend,IDB,Fixed telephone subscriptions (per 100 people),IT.MLT.MAIN.P2,0.157509891,0.159170528,0.159840227,0.160491737,0.161114901,,0.1944796,0.195049733,0.195597599,0.196137745,,0.231011003,0.231552128,0.232038445,0.232402465,,,,,,,0.661052836,0.673719644,0.722321478,0.768140674,0.79802779,0.846156604,0.894974669,0.940751581,1.041284905,1.074164823,1.172904386,1.231570683,1.316188516,1.401253805,1.48732511,1.538367576,1.573005308,1.59502087,1.649701445,1.701211834,1.73528155,1.84273716,1.949444155,2.053050792,2.234997119,2.315157309,2.189050246,2.05472055,2.474959768,2.28497943,2.105721129,2.019435538,2.068915093,1.876668191,1.6,1.6,1.5,1.4,1.7,1.7,1.6,1.6,1.5,1.5,1.5
Indonesia,IDN,Fixed telephone subscriptions (per 100 people),IT.MLT.MAIN.P2,0.09375345,0.0944285,0.0944285,0.0944285,0.0944285,0.119615016,0.120678,0.120678,0.120678,0.120678,0.124101356,0.124572,0.124572,0.124572,0.124572,0.158139561,0.163097181,0.174813077,0.194759733,0.219153526,0.253615444,0.281623914,0.30629589,0.316928688,0.330250428,0.363320976,0.400436283,0.440274261,0.471734352,0.482714718,0.581,0.693,0.869,0.964,1.25,1.65,2.06,2.41,2.66,2.85,3.08,3.29,3.49,3.58,4.55,5.85,6.33,8.24,12.6,14.3,16.6,15.5,15,12,10.1,3.96,4.06,4.13,3.08,3.55,3.52,3.26,3.02,3.26,,
IDA only,IDX,Fixed telephone subscriptions (per 100 people),IT.MLT.MAIN.P2,,,,,,,,,,,0.164148491,0.159946669,0.160487632,0.161070428,0.161641554,0.237253603,0.245985373,0.255525508,0.275141386,0.290133725,0.33090686,0.351254033,0.350361289,0.367060864,0.388030384,0.408060738,0.425954575,0.431024546,0.442855368,0.455722331,0.479918202,0.493322242,0.506194662,0.531169535,0.563555694,0.629022938,0.69495148,0.753159508,0.846776039,0.932397728,1.020596848,1.097474513,1.211464488,1.33485099,1.470970685,1.56603193,1.738424577,1.888049094,1.987123249,1.920747554,1.96601457,1.928988823,1.898261719,1.796366298,1.683742932,1.6,1.5,1.4,1.4,1.4,1.3,1.1,1.1,1,0.9,0.9
Isle of Man,IMN,Fixed telephone subscriptions (per 100 people),IT.MLT.MAIN.P2,,,,,,,,,,,,,,,,,,,,,,,,,,,,,,,,,,,,,,,,,,,,,,,,,,,,,,,,,,,,,,,,,,
India,IND,Fixed telephone subscriptions (per 100 people),IT.MLT.MAIN.P2,0.074536515,0.0737767,0.0737767,0.0737767,0.0737767,0.124650293,0.124898,0.124898,0.124898,0.124898,0.176027571,0.17676,0.17676,0.17676,0.17676,0.235021344,0.253139907,0.264966101,0.280341945,0.295936996,0.308464759,0.322012746,0.338242907,0.357756105,0.379850623,0.405670761,0.437147491,0.465969212,0.50067523,0.538587294,0.587,0.657,0.753,0.87,1.04,1.25,1.48,1.78,2.12,2.55,3.07,3.58,3.77,3.76,4.07,4.35,3.48,3.3,3.14,3.02,2.82,2.6,2.42,2.24,2.06,1.92,1.82,1.71,1.59,1.51,1.43,1.68,1.93,2.15,,
Not classified,INX,Fixed telephone subscriptions (per 100 people),IT.MLT.MAIN.P2,,,,,,,,,,,,,,,,,,,,,,,,,,,,,,,,,,,,,,,,,,,,,,,,,,,,,,,,,,,,,,,,,,
Ireland,IRL,Fixed telephone subscriptions (per 100 people),IT.MLT.MAIN.P2,3.935338432,3.96307,3.96307,3.96307,3.96307,5.784600412,5.8435,5.8435,5.8435,5.8435,7.965585945,8.0456,8.0456,8.0456,8.0456,10.4499164,11.13622915,11.85991049,12.46380731,13.00755572,14.24196059,15.65042555,16.79410016,17.66415589,19.17159062,20.05266177,21.35595775,22.65998805,24.09004497,26.29679667,28,29.7,31.3,32.7,34.5,36.3,38.2,42.4,44,46.3,48.2,48.1,50.3,49,49.6,49.4,51,51.4,49.5,47,45.6,44.7,43.6,44,43.4,41.1,40.3,38.9,37.5,35.8,33.7,25.7,23.9,22.6,,
"Iran, Islamic Rep.",IRN,Fixed telephone subscriptions (per 100 people),IT.MLT.MAIN.P2,0.544289382,0.531417,0.531417,0.531417,0.531417,0.810798999,0.801447,0.801447,0.801447,0.801447,1.001767857,0.999514,0.999514,0.999514,0.999514,2.084793196,2.405362007,2.37982623,2.36374955,2.292271743,2.375665175,2.532455327,2.484132364,2.545358309,2.63468793,2.789814108,3.026246249,3.286859964,3.607013282,3.782361796,3.77,4.09,4.9,5.86,7.02,8.18,9.26,10.2,11.4,12.8,14.3,16.2,18.9,22.3,23.3,28.3,30.8,31.9,32.8,33.7,33.3,35.4,36.2,36.9,36,36.8,36.8,36.5,35.4,33.3,33.2,33.1,32.8,32,,
Iraq,IRQ,Fixed telephone subscriptions (per 100 people),IT.MLT.MAIN.P2,,,,,,,,,,,0.937689704,0.927608,0.927608,0.927608,0.927608,,,,,,1.831050038,1.954893846,2.073587186,2.18365367,2.536250168,2.983396573,3.467874263,4.060514692,3.990081794,3.869838138,4.05,3.77,3.9,3.54,3.22,3.07,2.98,2.93,2.84,2.86,2.76,2.68,4.34,4.41,3.75,3.93,4.36,4.81,3.74,5.49,5.54,5.58,5.56,5.39,5.33,5.32,5.28,8.23,6.72,6.94,6.41,5.9,5.43,4.39,,
Iceland,ISL,Fixed telephone subscriptions (per 100 people),IT.MLT.MAIN.P2,18.79635009,18.7936,18.7936,18.7936,18.7936,23.59015959,23.5897,23.5897,23.5897,23.5897,28.16724377,28.173,28.173,28.173,28.173,34.6219104,33.55369499,33.71085282,34.74318215,35.7312057,37.16633883,38.05710276,38.97519178,39.61396865,40.57335497,42.49452555,46.44534573,47.70558301,48.67616049,49.45266003,51.2,52.6,53.6,54.4,55.8,55.6,58.3,61,63.4,66.7,69.8,68.9,65.4,66.5,65.2,65.3,62.1,59.9,62.8,59.7,60.9,59.9,56.1,51.9,52.4,50.8,49,42.6,35.4,32.2,29.2,27,24.5,21.3,,
Israel,ISR,Fixed telephone subscriptions (per 100 people),IT.MLT.MAIN.P2,3.407075948,3.14543,3.14543,3.14543,3.14543,7.284777187,6.90675,6.90675,6.90675,6.90675,12.69215807,13.1142,13.1142,13.1142,13.1142,17.62056807,18.50570338,19.37101249,20.25087475,21.39676679,22.95300336,24.16718325,25.10763995,26.14414893,26.63722673,28.21157052,29.86912759,31.57276809,32.45361596,32.86170213,35.8,35.6,36.4,38.5,41,43.7,46.2,47.4,48.5,48.4,48.7,48.5,47.1,44.8,43.8,43.6,43.9,44.2,45.5,46,46.5,46.8,47.2,43.9,43.4,42.4,40.7,38.7,37.6,36.3,38.3,39.1,39.3,31.4,,
Italy,ITA,Fixed telephone subscriptions (per 100 people),IT.MLT.MAIN.P2,6.174851756,6.15221,6.15221,6.15221,6.15221,8.823611612,8.7853,8.7853,8.7853,8.7853,12.11648721,12.0724,12.0724,12.0724,12.0724,17.53367323,18.35385724,19.36759118,20.50216855,21.70831606,23.10868046,24.51669302,25.97430598,27.55999574,29.1781942,30.71539158,32.22683062,33.72757793,35.45300367,37.49770153,39.2,40.4,41.5,42.3,42.7,43.3,44.2,44.9,45.4,46.3,47.4,47.7,47.3,46.1,44.6,42.8,45.8,37.9,37,37.8,37.5,36.6,35.9,34.8,33.9,33.4,33.5,34.3,33.8,32.5,32.7,33.5,33.3,33.8,,
Jamaica,JAM,Fixed telephone subscriptions (per 100 people),IT.MLT.MAIN.P2,1.213640856,1.22393,1.22393,1.22393,1.22393,1.505457714,1.49729,1.49729,1.49729,1.49729,1.882640495,1.86603,1.86603,1.86603,1.86603,2.481161643,2.508024199,2.603500077,2.571515776,2.512889564,2.462414764,2.594042343,2.750174349,2.875918921,2.954865871,3.34541869,3.511508197,3.497621183,3.617240656,3.753784184,4.42,5.48,6.9,8.51,10.1,11.6,14.2,16.3,18,18.8,18.9,19.5,16.5,17.3,15.8,11.9,12.7,13.6,11.6,11.1,9.57,9.78,9.13,8.99,9.11,9.02,11,10.5,12.9,14.1,15.4,16.7,15.7,16.2,,
Jordan,JOR,Fixed telephone subscriptions (per 100 people),IT.MLT.MAIN.P2,1.368735376,1.24381,1.24381,1.24381,1.24381,,1.24381,1.24381,1.24381,1.24381,1.155791737,1.04571,1.04571,1.04571,1.04571,,,2.045059933,2.151076021,2.448741346,2.73051968,3.105839408,3.576955619,3.976481498,4.321999741,5.374284207,5.417878123,6.735642158,7.060358035,7.197079754,6.79,6.77,6.74,6.67,6.94,6.67,7.03,8.01,9.89,10.7,11.5,12,12,10.8,10.8,10.4,9.55,8.19,7.42,7.02,6.65,6.22,5.73,4.73,4.27,3.87,4.04,3.49,3.53,3.33,3.6,3.69,3.99,3.94,,
Japan,JPN,Fixed telephone subscriptions (per 100 people),IT.MLT.MAIN.P2,3.845809762,3.87829,3.87829,3.87829,3.87829,7.438517421,7.51572,7.51572,7.51572,7.51572,15.56013267,15.6324,15.6324,15.6324,15.6324,28.80217743,30.31378739,31.2273672,32.13379901,33.06712773,33.95049774,34.02079827,34.84594075,35.79426496,36.48898458,37.4010266,38.42894733,39.60065065,40.9937297,42.55160482,44.2,45.4,46.4,47.1,48.4,49.6,50.8,52.1,49.3,48.9,48.8,48.2,47.7,47.2,46.6,45.4,43.8,40,37.8,52.1,51.2,50.5,50.2,50.1,49.9,50.1,50.4,50.3,50,49.5,49.1,48.9,48.3,48,,
Kazakhstan,KAZ,Fixed telephone subscriptions (per 100 people),IT.MLT.MAIN.P2,,,,,,,,,,,,,,,,3.57171572,3.943902121,4.134818718,4.29081797,4.441962359,4.656836978,4.844752775,5.139741696,5.448306143,5.666102661,5.899659217,6.108367202,6.369963611,6.81009629,7.336345487,7.77,8.25,8.6,11.4,11.7,11.7,11.7,11.3,11.3,11.4,11.8,12.5,13.3,14.2,16.1,17,18.2,19.9,21.1,23.2,24.1,25,25.2,25,24.4,22.9,21.4,19.8,16.9,16,15.9,15.1,14.1,12.7,,
Kenya,KEN,Fixed telephone subscriptions (per 100 people),IT.MLT.MAIN.P2,,,,,,0.297328103,0.293804,0.293804,0.293804,0.293804,0.339925921,0.34509,0.34509,0.34509,0.34509,0.388224122,0.404190305,0.428061459,0.432810825,0.446205252,0.456535701,0.477780183,0.505987684,0.529622881,0.565770833,0.608472241,0.64209998,0.658482813,0.702687241,0.727601543,0.765,0.846,0.851,0.855,0.884,0.964,0.976,0.967,0.998,0.975,0.952,0.978,0.985,0.976,0.862,0.801,0.795,1.22,1.65,1.64,0.915,0.663,0.573,0.454,0.391,0.182,0.151,0.142,0.131,0.137,0.128,0.115,0.116,0.123,,
Kyrgyz Republic,KGZ,Fixed telephone subscriptions (per 100 people),IT.MLT.MAIN.P2,,,,,,,,,,,,,,,,2.297300118,2.634247085,2.872317722,3.239417457,3.591320938,3.962414483,4.224994435,4.456542114,4.621789072,4.929273949,5.263438866,5.717789404,6.17758569,6.335529793,6.640338595,7.04,7.32,7.36,7.94,7.29,7.57,7.15,7.24,7.51,7.46,7.48,7.65,7.72,7.68,8,8.39,8.69,9.07,9.26,9.23,8.91,8.97,8.58,7.96,7.51,6.8,6.26,5.82,5.22,4.6,4.07,3.59,3.1,2.62,,
Cambodia,KHM,Fixed telephone subscriptions (per 100 people),IT.MLT.MAIN.P2,0.032011976,0.0310011,0.0310011,0.0310011,0.0310011,,0.0310011,0.0310011,0.0310011,0.0310011,,0.0310011,0.0310011,0.0310011,0.0310011,,,,,,,,,,,,,0.031470994,0.032286228,0.03378864,0.0422,0.0505,0.0501,0.0489,0.0751,0.0851,0.143,0.173,0.201,0.226,0.248,0.265,0.276,0.24,0.243,0.245,0.188,0.271,0.307,0.38,2.47,3.6,3.91,2.77,2.35,1.64,1.43,0.827,0.542,0.342,0.332,0.237,0.223,,,
Kiribati,KIR,Fixed telephone subscriptions (per 100 people),IT.MLT.MAIN.P2,,,,,,,,,,,,,,,,,,,,0.811375993,,,0.743128444,0.800037429,0.918301754,1.002878216,1.171886444,1.301003631,1.395089286,1.497902936,1.6,1.67,1.77,2.22,2.4,2.49,2.56,2.96,3.27,3.54,3.78,4.02,4.85,4.67,4.48,4.28,4,3.92,3.84,7.79,7.72,7.65,7.12,5.27,1.73,1.26,0.735,0.636,0,0,0.0262,0,0,0.0196,,
St. Kitts and Nevis,KNA,Fixed telephone subscriptions (per 100 people),IT.MLT.MAIN.P2,,,,,,,,,,,,,,,,,,,,,,,,5.164319249,5.545068429,6.999810175,10.31296999,12.66309441,17.0784831,19.82094067,24,25.2,28.3,29.7,32.5,34,36.5,39.6,41.7,45,48.4,49.2,51.1,50.9,43.9,43.7,44.3,43.8,43.6,43.7,42.3,42.2,42.5,40.8,41.2,41.9,37,36.8,33.2,34.4,34.2,33.6,33.4,,,
"Korea, Rep.",KOR,Fixed telephone subscriptions (per 100 people),IT.MLT.MAIN.P2,,,,,,0.75613257,0.76356,0.76356,0.76356,0.76356,1.47604334,1.49463,1.49463,1.49463,1.49463,2.944766388,3.485916845,4.164413292,5.034191817,6.07528481,7.085324869,8.425410524,10.35339012,12.00860654,13.75891041,15.8063711,17.98835544,20.34063091,23.9739437,27.06529122,30.1,32.8,34.9,37.2,39.1,41,42.9,44.5,43.5,55.1,55.3,54.8,54.4,52.9,49.4,50,46.7,47.8,50.4,55.4,58.5,60,60.7,60.6,58.3,56.7,54.7,52.1,50.2,47.8,46,44.8,44,42.8,,
Kuwait,KWT,Fixed telephone subscriptions (per 100 people),IT.MLT.MAIN.P2,1.085735802,1.23258,1.23258,1.23258,1.23258,2.529970419,2.75402,2.75402,2.75402,2.75402,4.733515532,5.10444,5.10444,5.10444,5.10444,8.120452775,8.812525079,9.140291447,9.48028477,9.842338483,10.50961596,10.82073659,11.59190306,11.74917686,11.58917434,11.74615863,11.96320499,12.43977843,13.23394796,14.06493989,19.7,23.8,21.1,21.4,22.4,22.7,22.6,23,23.2,24,23.9,23.5,23.4,23.1,23,22.6,21.9,21.5,19.6,18.9,17.6,16.4,15.3,14.5,13.5,12.5,13.3,13,11.9,13.1,13.3,,12.5,11.8,,
Latin America & Caribbean (excluding high income),LAC,Fixed telephone subscriptions (per 100 people),IT.MLT.MAIN.P2,1.477737599,1.464343297,1.458860558,1.453387956,1.447961511,1.545058199,1.560797596,1.555669115,1.550709267,1.546011397,1.922848829,1.925910175,1.922464018,1.919187941,1.915921515,2.680907761,2.819420535,3.081543031,3.375204489,3.617277138,3.851843844,3.993618983,4.232387152,4.342022941,4.596083907,4.814144131,4.935892048,5.122634799,5.353546515,5.564338443,5.859567631,6.203297039,6.694028249,7.151908598,7.885744639,8.459825033,9.236412763,10.11218466,11.12676361,12.51963881,14.2933542,15.91977738,16.32883552,16.83195267,17.23236802,17.64994525,17.49420136,17.61515522,18.0127638,17.6992725,17.52723389,17.55045346,17.72454859,17.3493705,16.95659939,17.01537547,16.83130317,16.24955204,15.79918124,14.44429857,14.2,13.9,13.5,13.4,12.6,12
Lao PDR,LAO,Fixed telephone subscriptions (per 100 people),IT.MLT.MAIN.P2,0.034675567,0.0347023,0.0347023,0.0347023,0.0347023,0.042026413,0.0419711,0.0419711,0.0419711,0.0419711,0.041117145,0.0409161,0.0409161,0.0409161,0.0409161,0.179240022,0.185545848,0.182356701,0.173067816,0.170083805,0.166792013,0.163156672,0.156354417,0.158019742,0.159342585,0.159316699,0.158507844,0.157360525,0.158725407,0.149396738,0.16,0.164,0.187,0.184,0.377,0.337,0.386,0.477,0.543,0.657,0.753,0.953,1.1,1.22,1.3,1.55,1.55,1.57,2.08,1.61,1.63,1.67,6.9,10.6,13.7,14.2,18.3,16,20.8,20.1,18.6,17.4,17.5,,,
Lebanon,LBN,Fixed telephone subscriptions (per 100 people),IT.MLT.MAIN.P2,,,,,,,,,,,,,,,,,,,,,,,10.42300122,10.56971538,10.65572371,10.72286356,10.73455038,10.74945368,10.82105828,10.89206587,11,11,11.1,11.2,11.2,11.3,11.4,13.7,13.5,13.4,13.3,14.2,15.2,15.5,13.7,13.6,14.3,14.4,15.2,16.1,16.6,16.8,16.6,15.1,15.2,15.6,28.7,14.7,14.9,15.2,15.4,15.3,16.1,,,
Liberia,LBR,Fixed telephone subscriptions (per 100 people),IT.MLT.MAIN.P2,,,,,,,,,,,,,,,,,,,,,,0.351813599,0.341863311,0.331887096,0.335296666,0.367902474,0.348546746,0.338763868,0.352388202,0.348859467,0.422,0.169,0.217,0.209,0.209,0.207,0.202,0.264,0.243,0.234,0.229,0.226,0.223,,,,,0.0558,0.0523,0.0602,0.143,0.22,0.314,0.246,0.22,0.193,0.168,,,0.119,0.117,0.114,0.116,,,
Libya,LBY,Fixed telephone subscriptions (per 100 people),IT.MLT.MAIN.P2,0.590545387,0.581808,0.581808,0.581808,0.581808,,0.581808,0.581808,0.581808,0.581808,,0.581808,0.581808,0.581808,0.581808,,,,,,,2.869522522,3.054702604,3.253892403,3.488521823,3.770039019,4.078829297,4.424914493,4.95578214,5.226339103,4.95,5.13,5.08,5.07,5.47,6.48,7.62,7.9,9.73,10.5,11.4,12.2,13.1,13.3,13.9,14.5,15.2,15.9,14.8,16.7,18.9,15.8,13.2,12.5,14.2,16.3,20.7,23.4,,22.7,22.4,22.1,16.9,,,
St. Lucia,LCA,Fixed telephone subscriptions (per 100 people),IT.MLT.MAIN.P2,,,,,,,,,,,2.037055,2.01894,2.01894,2.01894,2.01894,3.228786425,3.262182488,3.379988733,3.577604198,3.85056461,3.946297469,4.035251961,3.924909267,3.892868265,5.097033493,5.697885515,6.090052667,6.508261442,7.873936247,8.914472045,12.3,12.3,14.3,16.9,17.1,20.6,22.5,24.2,26.1,28.4,30.8,31.2,31.6,30.1,25.6,23.6,23.6,23.7,24.3,22.7,21.9,20.9,21.3,19.3,18.9,19.9,20.2,19.9,20.6,8.89,8.38,18,17.1,,,
Latin America & Caribbean,LCN,Fixed telephone subscriptions (per 100 people),IT.MLT.MAIN.P2,1.526752561,1.513498995,1.507944685,1.502396277,1.496894658,1.619076235,1.629189944,1.623809421,1.618561849,1.613502274,2.023992033,2.021895986,2.017696301,2.01364083,2.009650902,2.843804899,2.997036134,3.25616032,3.554392783,3.790827118,4.035805995,4.183822073,4.431755463,4.561569846,4.834239963,5.092729267,5.247099771,5.449599853,5.694737583,5.897112233,6.257945645,6.644035742,7.198719756,7.71374952,8.448777489,9.047271573,9.861684115,10.80195269,11.7495463,13.01567892,14.63147609,16.13150988,16.49974467,16.90027765,17.33087848,17.75558165,17.68220633,17.94502705,18.49866739,18.27577219,18.11386784,18.117408,18.28071292,17.96082683,17.6308339,17.8,17.5,16.7,16.2,14.9,14.6,14,13.5,13.3,12.6,12
Least developed countries: UN classification,LDC,Fixed telephone subscriptions (per 100 people),IT.MLT.MAIN.P2,,,,,,,,,,,0.119155998,0.115728152,0.115986734,0.116272804,0.116558597,0.136744095,0.142044161,0.147084962,0.153407111,0.159608644,0.175895253,0.180873209,0.186536721,0.193675924,0.200926687,0.214413124,0.226676947,0.232931691,0.240089601,0.248600225,0.267763961,0.276604455,0.280661352,0.288787207,0.302432366,0.318621969,0.34422358,0.373532735,0.415828021,0.464030365,0.526045881,0.581841061,0.660635297,0.759517722,0.842982843,0.864054584,0.918716033,0.929589977,0.963775034,0.95070931,0.996150127,0.947698181,0.964865931,0.934467077,0.938019318,0.855185426,0.883107546,0.810218895,0.733324656,0.844343319,0.8,0.6,0.6,0.6,0.5,0.5
Low income,LIC,Fixed telephone subscriptions (per 100 people),IT.MLT.MAIN.P2,,,,,,,0.153862295,0.15432957,0.15478809,0.15525288,0.187179041,0.178392536,0.17896825,0.179540592,0.180072365,0.233824983,0.236025379,0.247857053,0.265760535,0.280796007,0.305682819,0.318617899,0.340047857,0.544580012,0.563022144,0.570000025,0.575333269,0.572183268,0.568362703,0.568938585,0.580528141,0.58025613,0.57536179,0.582907486,0.618049417,0.701033694,0.776421018,0.800663599,0.862669023,0.926324921,1.000444535,1.166238745,1.333451244,1.536344835,1.722870888,1.695120447,1.802375632,1.877756363,1.88582444,1.81586391,1.814657975,1.81000769,1.74359412,1.678653259,1.52022725,1.4,1.4,1.2,1.2,1.2,1.2,1,1,1,1,1
Liechtenstein,LIE,Fixed telephone subscriptions (per 100 people),IT.MLT.MAIN.P2,,,,,,,,,,,25.22167955,25.0118,25.0118,25.0118,25.0118,33.59965263,35.21523744,36.65350361,37.83515803,38.74715632,40.14718234,41.82119467,42.76538596,44.06064095,45.26495079,46.80231473,48.44066424,50.14886355,52.29029488,54.72563126,57.3,59.8,62.1,62.7,60.6,63.3,63.3,62,61.2,60.4,60.6,60.1,59,58.4,58.1,57.7,56.5,55.6,55.3,54.9,54.4,54,50.5,49.6,48.6,46.4,43.6,40.5,40,35.7,32.5,29.5,27.5,25.9,,
Sri Lanka,LKA,Fixed telephone subscriptions (per 100 people),IT.MLT.MAIN.P2,0.232750388,0.230615,0.230615,0.230615,0.230615,0.251014388,0.249307,0.249307,0.249307,0.249307,0.299464781,0.297139,0.297139,0.297139,0.297139,0.311061933,0.313080286,0.315169405,0.317034917,0.322879771,0.362696006,0.43432697,0.45587231,0.469395359,0.508865038,0.544892855,0.564193089,0.588216489,0.617161257,0.620832432,0.742,0.764,0.809,0.927,1.05,1.16,1.42,1.87,2.82,3.53,3.98,4.22,4.46,4.71,4.93,6.15,9.26,13.4,16.7,16.6,17.1,17.2,16.3,12.7,12.6,15.1,11.3,11.8,11.1,10.2,11.6,12.6,11.3,7.43,,
Lower middle income,LMC,Fixed telephone subscriptions (per 100 people),IT.MLT.MAIN.P2,0.131121883,0.13128725,0.131630649,0.131958274,0.132284911,0.163701807,0.176068505,0.176402998,0.17672237,0.177002784,0.235221488,0.216459781,0.216685214,0.216906391,0.217115016,0.332408865,0.352399455,0.377920509,0.397582429,0.418414882,0.437154339,0.462016157,0.482591795,0.510872119,0.538253791,0.580592475,0.622098961,0.650848423,0.686617509,0.740619229,0.790558348,0.86833735,0.952069169,1.06797636,1.215938249,1.390733519,1.590230435,1.814581559,2.085383873,2.405718967,2.749412657,3.098436877,3.309417216,3.381797899,3.844030034,3.769978624,3.639078217,3.730932801,3.843731455,3.910047656,3.599176661,3.222027768,3.053903539,2.729557084,2.545144651,2.4,2.3,2.2,2.2,2.1,2.1,2.2,2.3,2.4,2.7,3
Low & middle income,LMY,Fixed telephone subscriptions (per 100 people),IT.MLT.MAIN.P2,,,,,,,,,,,,,,,,0.740141499,0.788683037,0.845684693,0.908637022,0.964169949,1.03300181,1.071881076,1.116892579,1.181413183,1.25273878,1.33169301,1.412317857,1.497592521,1.612662481,1.726913094,1.85704876,2.016023528,2.240338175,2.546860561,2.975773107,3.484527286,4.052368728,4.636893689,5.269594339,6.032449501,7.1214968,8.183761449,9.016415186,10.06348532,11.36289449,12.27786805,12.40609322,12.42167388,12.14769622,11.58007789,11.07792432,10.62146032,10.30817431,9.687545164,9.03453324,8.305671203,7.760308975,7.511334858,7.374673541,6.972836331,6.727885399,6.656123687,6.81339408,,,
Lesotho,LSO,Fixed telephone subscriptions (per 100 people),IT.MLT.MAIN.P2,0.054212442,0.0477743,0.0477743,0.0477743,0.0477743,0.139499198,0.130109,0.130109,0.130109,0.130109,0.127017378,0.126345,0.126345,0.126345,0.126345,0.157624694,0.155195714,0.155975387,0.194559398,0.225360632,0.244801346,0.308808077,0.32719721,0.33979577,0.343679744,0.455125481,0.538079146,0.60596643,0.660770718,0.691984345,0.683,0.666,0.607,0.769,0.815,0.912,0.81,1.03,1.05,1.08,1.11,1.07,1.43,1.77,1.89,2.46,2.73,2.44,2.09,2.02,1.93,1.92,2.5,2.45,2.39,1.93,1.93,0.493,0.381,0.586,0.518,0.423,0.295,0.318,,
Late-demographic dividend,LTE,Fixed telephone subscriptions (per 100 people),IT.MLT.MAIN.P2,,,,,,,,,,,,,,,,1.221992287,1.323846128,1.486225221,1.616463356,1.742999115,1.853575953,1.999248351,2.061022354,2.180099646,2.309539133,2.450975195,2.575190001,2.703187414,2.873009381,3.056758143,3.287882241,3.553747648,3.860800215,4.348737745,5.065656116,5.998427726,7.036785704,8.217236248,9.438538453,10.92009106,13.12145886,15.27098176,17.11805461,19.45217454,22.15251758,24.42796563,24.69211142,24.75535817,23.75580159,22.45564571,21.21974157,20.44276079,19.83292933,19.06763558,18.02599901,16.92116157,15.36182481,14.7669736,14.33698304,13.69691823,13.00958838,12.75772688,12.38197804,,,
Lithuania,LTU,Fixed telephone subscriptions (per 100 people),IT.MLT.MAIN.P2,1.404465859,1.45812,1.45812,1.45812,1.45812,2.353078747,2.42195,2.42195,2.42195,2.42195,4.461633688,4.56627,4.56627,4.56627,4.56627,7.608734054,8.349816021,9.072640422,9.754051679,10.44694555,11.18889381,11.83808994,12.49739934,13.19240223,13.98273304,14.81355633,16.01827036,16.94513189,18.12899926,19.4584939,21.1,22,22.5,23.3,24.6,25.9,27.6,29.5,31.4,32.7,33.9,33.2,27.2,24.1,24.3,24.1,24.2,24.7,24.5,23.6,24.3,23.5,22.6,21.2,20,19.3,18.5,17.2,15.2,13.2,11.5,10.4,8.86,7.83,,
Luxembourg,LUX,Fixed telephone subscriptions (per 100 people),IT.MLT.MAIN.P2,11.61353161,11.598,11.598,11.598,11.598,17.88995555,17.8701,17.8701,17.8701,17.8701,24.1644123,24.1412,24.1412,24.1412,24.1412,30.25453394,31.1895001,32.65729933,33.78855565,34.99278102,36.19608458,37.03978072,38.02750534,38.89393608,40.20832194,41.34762843,42.67376484,43.63580424,44.76290195,46.78696588,48.1,49.6,52.6,54.1,55.4,56.2,60,61,60.1,58.5,57.1,58.1,55.7,54.2,53.5,52.5,52.5,51.7,53.3,52.9,53.7,53.8,50.2,49.2,48.7,48.6,47.4,46.2,45,43.1,42.5,41.6,39.8,,,
Latvia,LVA,Fixed telephone subscriptions (per 100 people),IT.MLT.MAIN.P2,,,,,,,,,,,,,,,,10.0299776,11.16049186,13.0701662,14.16994806,15.25689083,15.94066651,18.16038401,18.42649269,18.67981726,19.31373381,19.9615533,20.60800355,21.25409607,21.70624463,22.27677557,23.3,24.3,25,27.1,26.5,28.3,30.1,30.4,30.8,30.6,31,30.9,30.3,28.6,28.7,32.6,29.6,29.3,27.2,26.2,25.4,25.1,23.4,21,20.1,18,18.5,17.6,13.8,12.3,11.1,10.1,9.27,7.52,,
"Macao SAR, China",MAC,Fixed telephone subscriptions (per 100 people),IT.MLT.MAIN.P2,1.301591964,1.37314,1.37314,1.37314,1.37314,,1.37314,1.37314,1.37314,1.37314,,1.37314,1.37314,1.37314,1.37314,,,,,,,,6.215620276,6.65231941,10.02057189,13.21724018,15.89062777,17.84527658,20.14959412,23.36839234,26.5,29.4,32.4,35.3,37.2,38.4,39.7,40.9,41.1,41.5,40.4,39.6,38.6,37.2,36.1,35.2,34.7,34.1,32.8,31,29.9,28.9,27.7,26.5,25.2,23.5,22.4,21.3,18.7,16.4,16.1,14.3,13.1,12.2,,
St. Martin (French part),MAF,Fixed telephone subscriptions (per 100 people),IT.MLT.MAIN.P2,,,,,,,,,,,,,,,,,,,,,,,,,,,,,,,,,,,,,,,,,,,,,,,,,,,,,,,,,,,,,,,,,,
Morocco,MAR,Fixed telephone subscriptions (per 100 people),IT.MLT.MAIN.P2,0.638275506,0.638276,0.638276,0.638276,0.638276,0.590295417,0.590295,0.590295,0.590295,0.590295,0.568581877,0.568582,0.568582,0.568582,0.568582,0.618110734,0.675867105,0.730393774,0.781751301,0.78905804,0.835417207,0.866222992,0.912313753,0.937200251,0.979068742,1.068677828,1.095227724,1.135258835,1.19853535,1.373781549,1.65,2,2.59,3.23,3.87,4.27,4.51,4.78,5.04,5.25,5.01,4.13,3.86,4.12,4.37,4.42,4.11,7.68,9.46,11,11.5,10.8,9.83,8.66,7.27,6.42,5.91,5.77,6.14,5.67,6.44,6.8,7.09,7.62,,
Monaco,MCO,Fixed telephone subscriptions (per 100 people),IT.MLT.MAIN.P2,16.79053124,16.3014,16.3014,16.3014,16.3014,26.06202763,25.771,25.771,25.771,25.771,30.90234858,31.9366,31.9366,31.9366,31.9366,39.1788121,46.33562437,48.77677006,50.46320705,51.79995528,53.92229281,56.07682158,59.11580169,63.24816866,66.53289682,72.20467248,71.98930445,72.88135593,74.15609691,76.46785026,80.4,85,94.3,95.8,97,98.2,99.5,97.3,93.6,91.9,92.3,91.4,104,103,105,106,107,109,110,133,129,131,132,132,140,134,125,125,114,116,115,118,110,111,,
Moldova,MDA,Fixed telephone subscriptions (per 100 people),IT.MLT.MAIN.P2,0.65426917,0.682321,0.682321,0.682321,0.682321,0.805339169,0.83918,0.83918,0.83918,0.83918,1.395770572,1.44064,1.44064,1.44064,1.44064,3.48299488,3.97062334,4.416021607,4.766291348,5.125987492,5.510011601,5.797541166,6.124861,6.388646368,6.720263515,7.200464111,7.647210647,8.237016809,8.919077772,9.570828617,10.4,11.1,11.5,11.8,12.3,12.8,13.5,14.4,15.2,13,13.8,15.3,17.4,19.3,21.3,23.3,26,28,29.5,30.7,32,33.2,34.6,35.8,36.4,36.6,36.2,35.8,35.1,34.4,33.5,33.1,31.3,27.6,,
Madagascar,MDG,Fixed telephone subscriptions (per 100 people),IT.MLT.MAIN.P2,,,,,,0.164346981,0.164667,0.164667,0.164667,0.164667,0.188260072,0.190076,0.190076,0.190076,0.190076,,0.189813024,0.184255502,,0.212832341,0.213451656,0.209616055,0.205268932,0.201692223,0.211053062,0.21583364,0.221534301,0.229557576,0.227540666,0.240536013,0.262,0.292,0.286,0.264,0.247,0.264,0.272,0.288,0.305,0.314,0.333,0.343,0.339,0.33,0.315,0.482,0.658,0.659,0.788,0.864,0.64,0.606,0.61,0.605,0.6,0.585,0.569,0.257,0.251,0.261,0.171,0.121,0.129,0.0109,,
Maldives,MDV,Fixed telephone subscriptions (per 100 people),IT.MLT.MAIN.P2,,,,,,,,,,,0.210965329,0.224737,0.224737,0.224737,0.224737,,0.318713212,0.355749974,0.54478449,0.498983321,,0.907681698,0.974083645,1.059446077,1.138902749,1.193377595,1.419698314,1.664577785,1.989013071,2.340125816,2.78,3.29,3.57,4.07,4.73,5.4,5.82,6.71,7.33,7.99,8.66,9.5,9.82,10.1,10.5,10.5,10.3,10.2,14,8.75,7.86,6.45,5.98,5.64,5.45,5.12,4.77,4.45,3.96,3.42,2.89,2.71,2.55,2.44,,
"Middle East, North Africa, Afghanistan & Pakistan",MEA,Fixed telephone subscriptions (per 100 people),IT.MLT.MAIN.P2,0.777724934,0.776985843,0.77806245,0.779118965,0.780028288,,0.938937893,0.939233826,0.939332497,0.939661907,1.209309524,1.199681365,1.203001697,1.206599043,1.209799234,1.780168273,1.915762816,1.990758702,2.095944653,2.23791505,2.686868492,2.524407858,2.838485608,3.015164884,3.166109775,3.445002598,3.683991956,3.889157036,4.087116389,4.276410077,4.526292033,4.807559035,5.203908235,5.632210445,6.127940016,6.665849282,7.220563683,7.765256023,8.465797758,9.277443139,9.981425587,10.79967388,11.90678225,12.92887779,13.46691541,14.85802676,15.57628897,16.20775016,16.47412981,16.28931738,16.0204835,16.20511578,16.14866397,15.55695864,14.76803018,14.4,14.6,14.7,14.8,14.6,9.9,9.8,9.9,10,10.1,10.2
Mexico,MEX,Fixed telephone subscriptions (per 100 people),IT.MLT.MAIN.P2,0.933190379,0.896037,0.896037,0.896037,0.896037,1.158093744,1.12172,1.12172,1.12172,1.12172,1.707710979,1.66777,1.66777,1.66777,1.66777,2.801919012,3.059214564,3.339864016,3.609558213,3.875708867,3.987481845,4.252089757,4.410389021,4.598216906,4.762516639,4.947686322,5.115382659,5.315918414,5.561318215,6.041305711,6.47,7.14,7.85,8.69,9.51,9.69,9.55,9.84,10.4,11.3,12.5,13.8,14.7,15.9,17.3,18.4,18.5,18.4,18.6,17.4,17.5,17.4,17.6,15.7,15.5,16.7,17,16.8,17.4,18,19.3,19.6,20.6,19.8,,
Marshall Islands,MHL,Fixed telephone subscriptions (per 100 people),IT.MLT.MAIN.P2,,,,,,,,,,,,,,,,,,,,,,,,0.972897846,,,,,,,1.12,1.54,1.83,4.88,6.24,6.6,6.92,6.92,7.53,7.73,7.89,8.19,8.52,8.64,10.6,,,,,,,,,,4.74,,,,,,,,4.86,,,
Middle income,MIC,Fixed telephone subscriptions (per 100 people),IT.MLT.MAIN.P2,,,,,,,,,,,,,,,,0.768458336,0.821794966,0.880839519,0.944384513,1.002858908,1.078239045,1.122527151,1.16768813,1.226914396,1.302309376,1.386751079,1.473101331,1.564976732,1.689115101,1.81224598,1.951608519,2.123074278,2.366689932,2.698131075,3.159641363,3.704294948,4.31457351,4.947900238,5.631329041,6.457077127,7.636548052,8.781358815,9.680993247,10.80764229,12.16743843,13.18996426,13.31062754,13.34338707,13.0595645,12.52285413,12.00360508,11.51614183,11.19049924,10.52304036,9.828371671,9.043483923,8.448245913,8.177061171,7.877267354,7.618587994,7.365127092,7.302359585,7.260427642,,,
North Macedonia,MKD,Fixed telephone subscriptions (per 100 people),IT.MLT.MAIN.P2,,,,,,,,,,,,,,,,,,,,,,,,10.63592176,11.06260327,11.4913585,11.92294203,12.35729182,12.79570379,13.23901921,13.8,14.1,15.4,16.2,16.9,17.6,18.2,20.1,21.6,23,24.7,26.1,27,25.2,25.7,25.5,23.5,22.3,22.1,21.2,20.1,20.7,20.1,19.7,19.2,18.7,18.8,18.9,19.9,21.1,22.2,23,23.8,,,
Mali,MLI,Fixed telephone subscriptions (per 100 people),IT.MLT.MAIN.P2,0.03082222,0.0313086,0.0313086,0.0313086,0.0313086,0.045403887,0.0466913,0.0466913,0.0466913,0.0466913,0.046379461,0.0479741,0.0479741,0.0479741,0.0479741,0.053339969,0.055393581,0.057228662,0.056440478,0.058020978,0.066733762,0.071473479,0.075750203,0.082503131,0.0880562,0.088462491,0.08813873,0.100562534,0.10179317,0.110176266,0.122,0.133,0.134,0.142,0.153,0.169,0.205,0.227,0.248,0.301,0.339,0.429,0.461,0.48,0.502,0.561,0.59,0.553,0.543,0.549,0.718,0.636,0.66,0.724,0.857,0.909,1.05,1.08,1.12,1.15,1.3,1.34,1.33,,,
Malta,MLT,Fixed telephone subscriptions (per 100 people),IT.MLT.MAIN.P2,2.745032995,2.96128,2.96128,2.96128,2.96128,4.411444818,4.46838,4.46838,4.46838,4.46838,7.074828638,6.96158,6.96158,6.96158,6.96158,8.931884525,10.50557436,11.92306745,13.01264864,14.06957322,15.33093316,17.12955674,19.3129762,22.45411011,23.09570454,24.2511128,27.69815844,31.07985213,32.55002943,33.72341072,34.9,37.4,40.1,41.6,42.7,44.4,46.6,47.9,48.6,49.8,51.1,51.6,51.1,51,50.3,48.9,50.2,55.2,57.5,58.7,58.6,54.7,53.9,54,53,51.7,51.5,51.4,52.7,50.7,49.8,49.2,49.1,48.6,,
Myanmar,MMR,Fixed telephone subscriptions (per 100 people),IT.MLT.MAIN.P2,0.0528344,0.0527949,0.0527949,0.0527949,0.0527949,0.072467116,0.0725493,0.0725493,0.0725493,0.0725493,0.07586833,0.0759102,0.0759102,0.0759102,0.0759102,0.083706067,0.083706687,0.083981422,0.08450984,0.08591856,,,0.112254166,0.11933629,0.118916462,0.12882507,0.157943317,0.171526448,0.17162328,0.169706219,0.176,0.213,0.242,0.283,0.327,0.37,0.414,0.488,0.518,0.556,0.599,0.645,0.74,0.778,0.903,1.06,1.2,0.964,1.04,0.913,1.01,1.06,1.05,1.06,1.04,1.01,0.999,1.07,0.996,0.993,0.988,0.978,0.996,1.09,,
"Middle East, North Africa, Afghanistan & Pakistan (excluding high income)",MNA,Fixed telephone subscriptions (per 100 people),IT.MLT.MAIN.P2,0.697098036,0.696361911,0.696537266,0.696708725,0.696946244,,0.761983054,0.762433795,0.7629075,0.763343861,0.862083855,0.85143559,0.851788385,0.852143212,0.852498179,1.233645141,1.343618319,1.389364212,1.43580957,1.485314048,1.756983478,1.691906162,1.925163949,2.047149305,2.166027246,2.435045462,2.644580718,2.812567104,2.959875078,3.118928618,3.310263055,3.511304619,3.889955636,4.291805761,4.757201269,5.276924078,5.800143045,6.333674027,6.975827591,7.692842749,8.399370788,9.255008693,10.49853116,11.69785981,12.29041799,13.86413157,14.70943752,15.48887774,15.79247164,15.66346015,15.47818068,15.49060289,15.35998019,14.72491755,13.92459066,13.91223579,14.05243532,14.14539119,14.73389256,13.83207312,8.8,8.8,8.7,9,9.2,9.4
Montenegro,MNE,Fixed telephone subscriptions (per 100 people),IT.MLT.MAIN.P2,,,,,,,,,,,,,,,,,,,,,,,,,,,,,,,,,,,,,,,,,,,,,,27,26.5,27.8,27.5,27.2,27,27,26.8,26.7,26.1,24.6,23.7,24.5,28.1,30.8,31.5,31.4,31,30,,
Mongolia,MNG,Fixed telephone subscriptions (per 100 people),IT.MLT.MAIN.P2,,,,,,,,,,,,,,,,,,,,,,,2.407793929,2.464709468,2.511150577,2.552423656,2.588948136,2.62181289,2.652173263,2.68763335,3.07,3.11,3.09,2.92,3,3.33,3.54,3.65,4.28,4.25,4.79,5.02,5.12,5.48,5.74,6.09,7.55,7.03,7.61,7.09,7.15,6.83,6.32,6.16,7.84,8.59,7.41,9.43,11.7,10.9,10,12,14,15.3,,
Northern Mariana Islands,MNP,Fixed telephone subscriptions (per 100 people),IT.MLT.MAIN.P2,,,,,,,,,,,,,,,,,,,,,,,,,,,,,,,,,28.7,29.4,30.7,32.1,36.4,36.5,33.6,31.1,30.7,31.5,32.8,34.2,35.7,37.4,39.2,41.1,43.2,45.4,47.1,,43.2,43.6,42.9,42.7,,,,41.6,42.1,42.6,42.3,,,
Mozambique,MOZ,Fixed telephone subscriptions (per 100 people),IT.MLT.MAIN.P2,0.138516213,0.130872,0.130872,0.130872,0.130872,0.225939023,0.211463,0.211463,0.211463,0.211463,0.285317694,0.265995,0.265995,0.265995,0.265995,0.320495249,0.296430557,0.272106874,0.272783268,0.274985882,0.289129063,0.304123293,0.306457151,0.303033841,0.302247916,0.302301313,0.308602839,0.309869945,0.314785195,0.315397685,0.362,0.396,0.412,0.395,0.382,0.375,0.371,0.387,0.435,0.44,0.473,0.471,0.461,0.4,0.379,0.325,0.338,0.366,0.359,0.368,0.383,0.373,0.362,0.31,0.337,0.336,0.301,0.286,0.217,0.27,0.289,0.188,0.089,,,
Mauritania,MRT,Fixed telephone subscriptions (per 100 people),IT.MLT.MAIN.P2,,,,,,,,,,,0.053466501,0.0523204,0.0523204,0.0523204,0.0523204,0.102039563,0.114340744,0.160280426,0.180547565,0.204234466,0.216102274,0.215894056,0.219666502,0.225590901,0.222684182,0.22636885,0.228586175,0.232835537,0.237007483,0.232169163,0.301,0.318,0.323,0.345,0.375,0.4,0.433,0.541,0.607,0.65,0.726,0.928,1.15,1.36,1.36,1.4,1.16,1.3,2.4,2.27,2.11,2.06,1.8,1.45,1.34,1.29,1.3,1.36,1.38,1.38,1.35,1.23,0.974,,,
Mauritius,MUS,Fixed telephone subscriptions (per 100 people),IT.MLT.MAIN.P2,0.89362375,0.91618,0.91618,0.91618,0.91618,1.212715587,1.22132,1.22132,1.22132,1.22132,1.350534142,1.35654,1.35654,1.35654,1.35654,1.737491726,1.721904626,1.842480719,2.154055528,2.388849765,2.474381195,2.56649268,2.970200452,3.163827655,3.492891384,3.859445938,4.025685545,4.502243278,4.686798267,4.883649454,5.1,5.8,7.11,9.44,11.3,12.8,15.7,18.8,20.5,21.3,23.1,25,25.8,28,28.3,28.4,28.3,28.4,28.5,29.3,30.2,29.1,27.1,28.1,28.8,29.4,30.2,32,33.7,35.7,37.3,36.7,36.2,36.4,,
Malawi,MWI,Fixed telephone subscriptions (per 100 people),IT.MLT.MAIN.P2,0.09665622,0.0956288,0.0956288,0.0956288,0.0956288,0.095375604,0.0943291,0.0943291,0.0943291,0.0943291,0.129725775,0.127557,0.127557,0.127557,0.127557,0.164742649,0.175424854,0.191153787,0.203001992,0.218339597,0.232234611,0.2367831,0.242396174,0.242267385,0.248439774,0.260403894,0.268375294,0.270805436,0.269566994,0.282946048,0.279,0.29,0.304,0.319,0.325,0.338,0.343,0.348,0.346,0.376,0.41,0.471,0.615,0.698,0.744,0.8,0.985,1.29,0.797,0.773,1.03,1.14,1.45,0.208,0.114,0.0846,0.064,0.0961,0.0809,0.0689,0.0638,0.0619,0.046,0.0228,,
Malaysia,MYS,Fixed telephone subscriptions (per 100 people),IT.MLT.MAIN.P2,0.612998932,0.588756,0.588756,0.588756,0.588756,0.868989781,0.829261,0.829261,0.829261,0.829261,1.009071162,0.962595,0.962595,0.962595,0.962595,1.454645989,1.631046979,1.862389847,2.160493729,2.525466,2.993710665,3.602540555,4.205077384,4.89822822,5.781715586,6.344912857,6.702515756,7.058639865,7.550475,8.156118312,8.89,9.91,11.1,12.5,14.4,16.4,18.1,19.8,20,19.7,20.1,20,19.4,18.5,17.6,16.9,16.4,16.1,16.4,16.1,16.1,15.5,15.5,15,14.4,14.4,15.2,20.3,22.6,22.1,22,24.1,24.4,23.9,,
North America,NAC,Fixed telephone subscriptions (per 100 people),IT.MLT.MAIN.P2,27.95189717,26.52241568,26.52307975,26.52369766,26.52435417,30.35274845,28.97134462,28.96992162,28.96841553,28.96689062,34.06850565,32.72012826,32.7186311,32.71723506,32.71601055,37.87808932,38.61791373,39.44939702,40.39829433,41.22059105,42.09980899,46.25399535,46.5643776,47.34399155,48.14063174,49.22367793,49.78235136,51.16133396,52.42137809,53.69536902,54.91233296,55.52504299,56.2900145,57.34302955,58.61120044,60.09041595,61.7699361,63.69645476,65.08869695,67.79981478,68.15062495,67.21308488,65.65696015,63.07450192,60.84504351,58.75076078,55.89127296,52.65835396,53.41682635,50.16192189,48.69613978,46.40808026,44.50398178,42.37658636,40.53903575,38.8,37.3,35.4,33.3,32,30.5,28.9,26.9,25.1,24,23
Namibia,NAM,Fixed telephone subscriptions (per 100 people),IT.MLT.MAIN.P2,1.863834993,1.73463,1.73463,1.73463,1.73463,2.280026813,2.09326,2.09326,2.09326,2.09326,2.518330797,2.32425,2.32425,2.32425,2.32425,2.737938241,2.772110352,2.807444912,2.866172057,2.92478905,2.971329742,3.342130902,3.779139152,4.162290615,4.143145683,4.115937734,4.078053953,4.032846246,4.037339325,3.933637147,3.87,4.02,4.17,4.42,4.48,4.9,5.2,5.91,6.11,6.09,6.06,6.32,6.42,6.64,6.59,7.07,6.84,6.84,7.1,7.16,7.44,7.41,7.8,8.15,7.9,7.69,7.7,7.7,5.5,5.28,5.14,3.27,2.97,2.74,,
New Caledonia,NCL,Fixed telephone subscriptions (per 100 people),IT.MLT.MAIN.P2,2.946969324,3.06703,3.06703,3.06703,3.06703,3.269904223,3.39912,3.39912,3.39912,3.39912,4.234920978,4.46242,4.46242,4.46242,4.46242,6.515325656,6.611076752,7.463207087,7.847888643,8.27509238,8.909884992,9.458955721,10.21932393,10.85002693,11.48926669,11.70304692,12.47688839,13.19743458,14.13668173,15.38670332,16.1,17.4,18.9,20.3,21.3,21.8,22.2,22.7,23,23.2,22.9,22.3,22.4,21.9,22.1,22.6,23.3,24,24.8,26.2,27.6,28.6,29.5,30.7,31.5,27.4,,,,16.2,16.2,16.1,16.2,,,
Niger,NER,Fixed telephone subscriptions (per 100 people),IT.MLT.MAIN.P2,0.021673051,0.022368,0.022368,0.022368,0.022368,,0.022368,0.022368,0.022368,0.022368,0.047112153,0.0487735,0.0487735,0.0487735,0.0487735,0.063676422,0.069233682,0.086807047,0.089495454,0.09353362,0.095088801,0.099901638,0.106619812,0.110025617,0.113194323,0.113264227,0.112035532,0.11130621,0.110514755,0.112234054,0.112,0.115,0.116,0.115,0.133,0.141,0.153,0.158,0.169,0.17,0.174,0.182,0.181,0.18,0.181,0.174,0.21,0.282,0.421,0.479,0.504,0.497,0.564,0.543,0.548,0.552,0.778,0.533,,0.253,0.245,0.237,0.249,,,
Nigeria,NGA,Fixed telephone subscriptions (per 100 people),IT.MLT.MAIN.P2,0.045726148,0.0455133,0.0455133,0.0455133,0.0455133,,0.0455133,0.0455133,0.0455133,0.0455133,,0.0455133,0.0455133,0.0455133,0.0455133,,,,,,,0.217305167,0.195895837,0.230052113,0.236741816,0.244038269,0.251304759,0.25834755,0.260681988,0.269559031,0.298,0.295,0.313,0.326,0.342,0.366,0.363,0.346,0.366,0.385,0.438,0.462,0.526,0.648,0.728,0.844,1.13,1.03,0.83,0.915,0.63,0.42,0.237,0.199,0.0986,0.0982,0.0791,0.0696,0.0686,0.0512,0.05,0.0487,0.0435,0.0491,,
Nicaragua,NIC,Fixed telephone subscriptions (per 100 people),IT.MLT.MAIN.P2,,,,,,,,,,,0.695362789,0.706416,0.706416,0.706416,0.706416,0.768059477,0.861523199,0.935307436,0.970067865,0.912077269,0.933215754,0.971198396,1.029409154,1.103272044,1.13901211,1.152368009,1.145322048,1.165075294,1.127689522,1.118043437,1.11,1.13,1.25,1.5,1.87,2.08,2.36,2.55,2.89,3.03,3.27,3.1,3.33,3.93,4.07,4.13,4.57,4.53,4.56,4.5,4.5,4.94,5.07,5.43,5.6,5.76,5.88,5.95,5.09,3.53,3.41,3.12,3.21,3.43,,
Netherlands,NLD,Fixed telephone subscriptions (per 100 people),IT.MLT.MAIN.P2,9.080705354,9.11584,9.11584,9.11584,9.11584,12.25175532,12.2792,12.2792,12.2792,12.2792,16.88950018,16.9359,16.9359,16.9359,16.9359,24.41091604,26.25051308,28.38426088,30.68158878,32.79705271,34.62113246,35.89495572,37.00897015,38.0106789,39.07373032,40.11517457,41.31565945,42.47953756,43.80070935,45.04982248,46.2,47.3,48.4,49.6,50.8,52.2,53.9,56.3,59,60.3,61.6,50.4,49.3,47.9,47.9,46.2,45.2,44.8,44.1,43.5,43.1,42.3,42.5,42,40.8,40.6,39.4,37.8,33.9,31.7,28,28.3,25.5,23.6,,
Norway,NOR,Fixed telephone subscriptions (per 100 people),IT.MLT.MAIN.P2,12.70131118,12.6978,12.6978,12.6978,12.6978,15.64652707,15.6425,15.6425,15.6425,15.6425,19.15343025,19.1509,19.1509,19.1509,19.1509,22.80493459,23.74131774,24.84319357,25.97807681,27.3580882,29.30378464,31.65119254,34.64242778,37.64483216,40.03160689,42.32625141,44.66538371,46.54079879,47.89499277,48.97593465,50.3,51.6,52.9,54.1,55.2,56.1,56.7,63,55.9,54.8,53.5,51.8,51.1,49,47.5,45.6,44.1,42.2,39.8,36.7,33.7,30.7,27.8,24.3,21,18.2,15.4,13,10.6,8.31,6.48,4.33,2.66,,,
Nepal,NPL,Fixed telephone subscriptions (per 100 people),IT.MLT.MAIN.P2,,,,,,,,,,,,,,,,0.050985452,0.054108227,0.059104782,0.061119891,0.066935441,0.073074853,0.080151326,0.087415988,0.098538505,0.108461224,0.117960812,0.144952374,0.165904516,0.202983375,0.237434407,0.294,0.324,0.334,0.343,0.348,0.376,0.495,0.603,0.88,1.05,1.09,1.19,1.29,1.45,1.61,1.84,2.3,2.62,2.98,2.99,3.08,3.08,3.02,3.01,3.03,3.04,3.07,3.07,2.85,2.68,2.51,2.46,2.5,,,
Nauru,NRU,Fixed telephone subscriptions (per 100 people),IT.MLT.MAIN.P2,,,,,,,,,,,,,,,,16.67129758,20.53107035,20.16129032,21.21734518,21.09148431,,15.60265245,15.64129301,15.32175689,14.76923077,14.43522194,14.07294476,13.70019409,13.07913988,12.89490651,12.5,12.2,12,13.9,14.8,15.2,15.7,16.2,16.7,17.2,17.7,18.3,17.9,17.9,17.9,17.9,17.9,18,18,19,0,0,0,0,0,,,,,,,,0,,,
New Zealand,NZL,Fixed telephone subscriptions (per 100 people),IT.MLT.MAIN.P2,22.55322866,22.6349,22.6349,22.6349,22.6349,27.10062024,27.221,27.221,27.221,27.221,29.77982054,29.8398,29.8398,29.8398,29.8398,31.885736,33.72952083,34.08604554,34.74526771,35.09073396,36.11033793,37.12168048,37.59670103,38.06319408,38.75782226,39.62303984,40.46005831,41.52207186,42.40045694,43.31452071,43.2,42.9,43.4,44.6,45.8,46.8,46.3,47,47.5,47.8,47.5,46.8,44.7,44.7,44.1,41.8,42.1,41.4,41.1,43.4,43.2,42.9,42.6,41.5,40.9,40.1,37.3,37.2,21.9,19.4,16.6,17.8,14.8,12.8,,
OECD members,OED,Fixed telephone subscriptions (per 100 people),IT.MLT.MAIN.P2,11.04168075,10.87563668,10.87708737,10.87463283,10.86896007,12.83268263,12.63809632,12.61639841,12.59276363,12.56741917,16.32263763,16.08829122,16.05292986,16.01745635,15.98292493,21.15248638,22.1226088,23.15742738,24.28336404,25.20629594,26.25062647,27.95197674,28.74066289,29.61656342,30.50147802,31.44100437,32.31843032,33.46211524,34.74705042,36.08834095,37.53742154,38.66881674,39.78088577,40.96613039,42.26710529,43.65118654,45.0596545,46.59797435,47.3767448,49.10341669,49.83965863,49.61853912,49.22759291,48.28228553,47.40011166,46.52010314,45.31395358,43.25570508,42.81691143,43.96171372,43.08813064,41.85048052,40.71062224,39.65030195,38.55653642,37.65157938,36.86395157,35.80637015,34.59331145,33.34979721,32.72952672,32.2213442,31.34692173,,,
Oman,OMN,Fixed telephone subscriptions (per 100 people),IT.MLT.MAIN.P2,,,,,,0.031999539,0.0319995,0.0319995,0.0319995,0.0319995,0.076949538,0.0769495,0.0769495,0.0769495,0.0769495,0.419592153,0.716922785,0.99191658,1.075911189,1.022391313,1.497431082,1.416206163,1.522504653,1.570068629,1.63451124,2.757574989,3.174831939,3.512581002,4.84598745,5.252946893,5.78,6.15,6.56,7.13,7.35,7.71,8.84,8.91,9.77,9.77,9.78,10,9.75,9.9,9.93,10.6,10.5,11.1,10.9,10.4,9.34,8.84,8.71,9.33,9.32,10.2,9.43,10.9,12.2,12.8,13.3,12.6,11.4,11.2,,
Other small states,OSS,Fixed telephone subscriptions (per 100 people),IT.MLT.MAIN.P2,,,,,,,,,,,,,,,,5.621001191,6.051938856,6.535055843,6.996859852,7.818548265,8.088423889,8.565087314,9.045419304,9.717077176,10.28175544,10.78841781,11.47902406,12.1231188,12.63752303,13.07760374,13.5954102,14.22395889,15.20759328,16.30321432,17.46444435,18.50422516,19.75973028,20.97736877,21.95132602,22.67174345,23.33980301,23.47933427,22.86634132,21.04554312,20.68257022,20.80560801,20.42258892,20.91746461,21.11716117,20.84892461,20.46557903,20.48961159,19.29206134,18.67613421,18.01916823,17.45844592,17.06154453,17.0465553,16.82787635,16.75816681,16.66238508,16.0949103,14.38974466,,,
Pakistan,PAK,Fixed telephone subscriptions (per 100 people),IT.MLT.MAIN.P2,0.145309813,0.148428,0.148428,0.148428,0.148428,0.185179377,0.188539,0.188539,0.188539,0.188539,0.236124036,0.24079,0.24079,0.24079,0.24079,0.305312147,0.323219446,0.33401837,0.347643173,0.369474001,0.375818349,0.387954452,0.384512045,0.422077767,0.469226442,0.469180105,0.51634628,0.560118828,0.589610769,0.709419058,0.726,0.93,1.01,1.2,1.4,1.58,1.72,1.79,1.82,1.91,1.97,2.04,2.24,2.42,2.63,2.98,2.92,2.61,2.33,3.16,3.05,2.81,2.82,3.02,2.29,1.63,1.41,1.32,1.29,1.2,1.22,1.07,1.15,1.04,,
Panama,PAN,Fixed telephone subscriptions (per 100 people),IT.MLT.MAIN.P2,,,,,,,,,,,,,,,,,,,5.928304467,6.302914405,6.474238204,6.830939368,7.109972603,7.148201096,7.32160352,7.65011504,7.861911204,8.388359725,8.410010814,8.381949815,8.8,9.15,9.48,10,10.8,11.2,11.7,12.9,14.5,15.7,14.3,12.4,12.4,12,13.1,14.2,14.5,14.4,15,15,14.9,15.2,15.2,15.1,15.1,15.7,16.2,16.2,17.5,15.3,18.8,20.2,19.2,18.2,,
Peru,PER,Fixed telephone subscriptions (per 100 people),IT.MLT.MAIN.P2,,,,,,0.704489551,0.708712,0.708712,0.708712,0.708712,1.032267883,1.04013,1.04013,1.04013,1.04013,1.547777295,1.604871429,1.647496822,1.681643996,1.682378144,1.731122637,1.79369189,1.804126966,1.920761701,1.992575203,2.090581624,2.203619211,2.196759188,2.314626619,2.454062005,2.56,2.4,2.67,2.87,3.23,4.56,5.78,6.51,6.04,6.45,6.46,5.83,6.07,6.67,7.88,8.55,9.04,9.97,10.7,12.3,10.9,11.1,11.6,10.8,10.1,9.56,9.96,9.84,9.06,7.6,6.73,6.44,5.37,4.44,,
Philippines,PHL,Fixed telephone subscriptions (per 100 people),IT.MLT.MAIN.P2,,,,,,0.253006063,0.268522,0.268522,0.268522,0.268522,0.472812153,0.494364,0.494364,0.494364,0.494364,0.669899277,0.699262577,0.815293143,0.808441982,0.824952467,0.867418294,0.891396885,0.943765114,0.939023282,0.94378284,0.93093092,0.954026993,0.950997728,0.971209336,0.983326338,0.971,1.01,1,1.27,1.61,2,2.48,2.81,3.29,3.72,3.84,4.07,3.99,3.94,3.98,3.83,4.06,4.33,4.4,4.34,3.46,3.62,3.49,3.08,2.98,3.06,3.54,3.85,3.78,3.84,4.22,4.13,4.29,4.03,,
Palau,PLW,Fixed telephone subscriptions (per 100 people),IT.MLT.MAIN.P2,,,,,,,,,,,,,,,,,,,,,,,,,,,,,,,,,,,,,,,,,,,35.5,37.5,39.1,40.2,37.4,38.7,38.9,38.1,37.9,38.3,41.2,41.2,40.2,40.5,,,,44.9,45,45,45,45.1,,
Papua New Guinea,PNG,Fixed telephone subscriptions (per 100 people),IT.MLT.MAIN.P2,,,,,,0.191838818,0.171519,0.171519,0.171519,0.171519,0.421846168,0.377274,0.377274,0.377274,0.377274,0.626238611,0.623284872,0.630661386,0.694722725,0.74953105,0.818799867,0.806355421,0.779905442,0.834494413,0.830027871,0.870233866,0.844187031,0.845141464,0.842280966,0.823328318,0.775,0.842,0.875,0.91,0.893,0.94,0.972,1.08,1.1,1.12,1.17,1.08,1.05,1.03,1,0.975,0.911,0.862,0.931,1.23,1.59,1.65,1.72,1.69,1.7,1.72,1.72,1.72,,1.73,1.69,1.66,1.69,,,
Poland,POL,Fixed telephone subscriptions (per 100 people),IT.MLT.MAIN.P2,1.81363524,1.80725,1.80725,1.80725,1.80725,2.510882546,2.49993,2.49993,2.49993,2.49993,3.294036504,3.27826,3.27826,3.27826,3.27826,4.088523314,4.580816441,4.834848127,5.047217581,5.263104498,5.469937597,5.642784569,5.826662088,6.068095863,6.370491174,6.690444324,7.012114124,7.368087633,7.80916393,8.235322305,8.65,9.34,10.3,11.5,13.1,14.9,17,19.6,23,26.6,28.6,29.8,31,32.2,32.9,31,30.1,27.6,24.9,22.3,20.1,17.9,15.6,21.6,25.4,23.7,21.3,19.4,17.2,15.8,15.1,14,13.6,12.9,,
Pre-demographic dividend,PRE,Fixed telephone subscriptions (per 100 people),IT.MLT.MAIN.P2,,,,,,,0.1202243,0.12050905,0.120797801,0.121108599,0.224185555,0.174689607,0.175376373,0.176030859,0.176600972,,,,,,,0.309512911,0.318905234,0.335700877,0.359409623,0.38707814,0.417168229,0.452015466,0.456437576,0.461054287,0.4819956,0.47850574,0.491710187,0.483186841,0.482877157,0.495677872,0.507732729,0.514195789,0.546683288,0.590895976,0.646633964,0.679112472,0.808914925,0.873289136,0.905709958,0.865343372,0.961419328,0.972504046,0.935351277,1.056773221,0.972453035,0.904905114,0.850601332,0.789555576,0.800463411,0.7214367,0.702223164,0.762923679,0.663826297,0.644257794,0.621176497,0.571608347,0.658879863,,,
Puerto Rico (US),PRI,Fixed telephone subscriptions (per 100 people),IT.MLT.MAIN.P2,,,,,,,,,,,,,,,,8.172213331,9.144314633,9.99716508,10.91374898,11.9196212,12.85398225,13.85511951,14.35267524,15.01475872,16.2237594,17.42370487,18.61343629,20.10728701,21.89193141,23.13771528,27.7,28.9,30.4,30.1,30.8,32.4,33.7,33.6,33.5,34.1,34.1,33.8,33.5,31.9,29.3,27.4,27.5,26.9,25.3,24.2,24,22.4,19.4,18.3,23.1,23.1,23.4,23.2,21.4,20.9,21.8,22.3,22.8,23.4,,
"Korea, Dem. People's Rep.",PRK,Fixed telephone subscriptions (per 100 people),IT.MLT.MAIN.P2,,,,,,,,,,,,,,,,,,,,,,,,2.663631831,2.625339758,2.587256921,2.549324587,2.512071382,2.475558318,2.439623586,2.37,2.33,2.3,2.27,2.23,2.21,2.18,2.16,2.14,2.13,2.11,3.61,3.83,4.07,4.12,4.1,4.08,4.79,4.76,4.74,4.72,4.7,4.68,4.66,4.64,4.61,4.59,4.57,,4.53,4.51,4.5,4.48,,,
Portugal,PRT,Fixed telephone subscriptions (per 100 people),IT.MLT.MAIN.P2,1.077369367,1.08198,1.08198,1.08198,1.08198,4.595974511,4.61507,4.61507,4.61507,4.61507,6.241627927,6.26493,6.26493,6.26493,6.26493,8.454033313,8.795115989,9.136877832,9.441008885,9.700410213,10.11184996,10.72670795,11.60395597,12.55961868,13.28080239,14.00852825,15.08934645,16.52966347,18.4494643,21.8456228,23.8,27,30.3,32.7,34.7,36.3,38,39.6,40.5,41.4,42,42.4,41.8,41,40.4,40.3,40.3,39.9,39.4,40.9,42.4,43,43.4,43.3,44.1,45.2,46.3,46.8,49.1,49.2,50.3,51.2,52.2,52.8,,
Paraguay,PRY,Fixed telephone subscriptions (per 100 people),IT.MLT.MAIN.P2,0.432176202,0.430099,0.430099,0.430099,0.430099,0.456803384,0.450673,0.450673,0.450673,0.450673,0.759676966,0.739424,0.739424,0.739424,0.739424,1.10426189,1.148448371,1.236524647,1.37304787,1.528698096,1.607970608,1.730503503,1.872387118,2.022926016,2.118391154,2.181701135,2.219840502,2.290314385,2.454975852,2.61491949,2.79,2.9,3.01,3.26,3.38,3.64,3.76,4.55,5.32,5.36,5.55,5.57,5.19,5.27,5.63,5.88,6.01,7.09,6.6,6.83,6.33,6.34,6.97,7.32,6.13,5.6,5.61,4.64,4.71,4.19,3.77,3.05,2.49,3,,
West Bank and Gaza,PSE,Fixed telephone subscriptions (per 100 people),IT.MLT.MAIN.P2,,,,,,,,,,,,,,,,,,,,,,,,,,,,,,,,,3.14,3.09,3.1,3.03,3.04,3.88,5.65,7.27,8.64,7.87,7.28,7.17,7.81,9.47,8.83,9.33,9.27,9.39,8.97,9.3,9.34,9.34,9.13,8.99,9.32,10,9.68,9.42,9.2,9.37,8.63,7.09,,
Pacific island small states,PSS,Fixed telephone subscriptions (per 100 people),IT.MLT.MAIN.P2,,,,,,,,,,,,,,,,,,,,,,,2.643694218,2.569662651,2.725068804,2.746299976,2.97008788,3.013670142,3.161783188,3.422849583,3.614128738,3.850330789,4.253559853,4.823504025,5.280476593,5.601393243,5.978761043,6.044401879,6.383408105,6.640995973,6.86567031,7.201991818,7.747038709,8.020444316,8.39761544,8.847246618,8.777818282,9.223531738,9.767276768,10.34970762,9.314199773,9.592869929,7.161250926,6.335904951,5.520745983,5.355168715,4.897627712,5.014670479,3.925856711,3.695293013,3.544873523,3.649615267,,,,
Post-demographic dividend,PST,Fixed telephone subscriptions (per 100 people),IT.MLT.MAIN.P2,12.01908427,11.88905892,11.91119266,11.92934124,11.94456594,14.20352747,13.8596104,13.86180672,13.86280625,13.86277899,18.11154345,17.74072648,17.74027938,17.74037836,17.74213294,23.77037792,24.65545313,25.86471468,27.18591282,28.06402207,29.61809159,31.2990715,32.23722315,33.33374798,34.39103951,35.49265022,36.54062177,37.85074343,39.29421395,40.81764229,42.42512615,43.6172591,44.64872678,45.84071101,47.16831611,48.67879026,50.25745272,51.82039771,52.4741526,54.34085171,55.12645228,54.82611371,54.36479208,53.28988937,52.28081339,51.24057597,50.01641806,47.88427898,47.59172024,49.41055437,48.65592684,47.45167024,46.32367448,45.12381717,43.84205513,42.72003085,41.87050507,40.64865764,39.15414792,37.53022319,36.52375733,35.79993289,35.96783652,,,
French Polynesia,PYF,Fixed telephone subscriptions (per 100 people),IT.MLT.MAIN.P2,0.97464968,1.05922,1.05922,1.05922,1.05922,1.925532562,2.03343,2.03343,2.03343,2.03343,3.392964688,3.62007,3.62007,3.62007,3.62007,4.862943654,5.541854859,6.039984699,6.504276562,6.937305677,7.641007146,7.815645501,9.005288456,10.053507,11.17687528,12.6880551,13.94409873,14.83317755,15.69594528,16.51974382,18.7,19.8,20.6,20.9,21.5,21.9,22.7,22.8,22.8,22.1,22.3,21.9,21.5,21.3,20.8,20.6,20.4,20.3,20.3,20.2,20.3,20.2,22.9,22.5,22.1,21.8,21.7,30.9,32.3,33.7,33.7,47.9,49.5,,,
Qatar,QAT,Fixed telephone subscriptions (per 100 people),IT.MLT.MAIN.P2,1.649031194,1.26625,1.26625,1.26625,1.26625,4.626630887,4.07426,4.07426,4.07426,4.07426,6.863999593,7.39631,7.39631,7.39631,7.39631,6.306301687,6.777572397,7.527170444,7.429481496,8.449579057,11.02901424,13.97150085,16.60802027,18.27788437,18.61727941,18.99619535,19.4286058,19.49566045,20.19085655,20.82778944,20.9,21.3,22.5,22.8,23.2,23.9,25.2,25.8,25.9,25.3,24.8,24.7,24.8,24.8,24.7,24.9,23.5,19.6,18.6,18.2,15.8,17.1,20.7,20.3,18.8,18.9,18,17.1,16.4,16.5,16.2,16.3,18.1,17.6,,
Romania,ROU,Fixed telephone subscriptions (per 100 people),IT.MLT.MAIN.P2,,,,,,1.600663533,1.57898,1.57898,1.57898,1.57898,2.208545082,2.14123,2.14123,2.14123,2.14123,4.04870445,4.58749065,5.226328147,5.951283889,6.72926306,7.312920312,7.644754552,7.836616838,8.034364943,8.457586783,8.714620936,9.222496585,9.584358161,9.930876202,10.25925003,10.3,10.7,11.2,11.4,12.3,13.1,14.1,15.2,16.1,16.9,17.7,18.8,19.4,20.1,20.5,20.7,20,21.2,22.9,23,22,23.1,23.1,23.5,22.8,21.5,20.8,19.8,18.7,17.3,15.6,13.5,11.6,10.3,,
Russian Federation,RUS,Fixed telephone subscriptions (per 100 people),IT.MLT.MAIN.P2,,,,,,,,,,,,,,,,4.409406421,4.829258519,5.686293788,6.164693123,6.708503031,7.026279371,7.935603077,8.452739654,9.004101017,9.588660756,10.21284092,10.87535133,11.57668459,12.32762825,13.14141591,13.9,14.9,15.3,15.8,16.3,16.9,17.5,19.1,19.8,21,21.9,22.8,24.3,24.8,26.5,27.7,30.5,31.4,31.7,31.5,31.2,30.7,29.2,28,26.4,24.5,22.1,21.9,20.6,18.9,17.7,16.4,15.1,,,
Rwanda,RWA,Fixed telephone subscriptions (per 100 people),IT.MLT.MAIN.P2,0.046052778,0.0465325,0.0465325,0.0465325,0.0465325,0.017917765,0.0185441,0.0185441,0.0185441,0.0185441,0.030797928,0.0319373,0.0319373,0.0319373,0.0319373,0.050932778,0.049481445,0.052265697,0.054856285,0.05517922,0.062886706,0.061374878,0.071361602,0.079632781,0.080984307,0.082466962,0.083782152,0.097404477,0.117501158,0.128997949,0.141,0.15,0.153,0.138,0.147,0.122,0.153,0.15,0.134,0.155,0.214,0.259,0.299,0.298,0.261,0.261,0.251,0.242,0.171,0.333,0.384,0.368,0.41,0.409,0.437,0.146,0.112,0.101,0.104,0.0892,0.0893,0.0891,0.0757,0.0599,,
South Asia,SAS,Fixed telephone subscriptions (per 100 people),IT.MLT.MAIN.P2,0.084155996,0.083528988,0.083561953,0.083595751,0.083631167,0.132093052,0.132474616,0.132509366,0.132542836,0.132571923,0.172355502,0.173798207,0.173866165,0.173949206,0.174024633,0.223831089,0.240351151,0.251289066,0.265722312,0.280065333,0.291774731,0.306268876,0.319367598,0.338800717,0.361339627,0.384566692,0.41507788,0.443100872,0.474735803,0.516591219,0.557174118,0.633136483,0.71435402,0.826230608,0.978156535,1.157072947,1.358585101,1.603485063,1.881852626,2.23234954,2.635693791,3.036441054,3.212807686,3.235670025,3.552068865,3.841392728,3.226546977,3.117852899,3.025128473,2.9790601,2.826860681,2.614621354,2.468848355,2.31952708,2.084771109,1.9,1.8,1.7,1.6,1.5,1.5,1.7,1.9,2,2.5,3.1
Saudi Arabia,SAU,Fixed telephone subscriptions (per 100 people),IT.MLT.MAIN.P2,,,,,,,,,,,1.532870492,1.60373,1.60373,1.60373,1.60373,1.747378679,1.694801982,1.747528903,2.138175252,2.863953137,3.141811947,4.796730464,6.193995726,6.731735516,7.229406189,7.02786487,7.100291411,7.125595413,7.268273172,7.325372531,11.6,13.1,13.4,13.2,13.1,12.9,13,13.1,14.5,17.5,18.3,19,19.1,18.6,18.8,18.7,18.4,17.9,17.6,17.2,16.6,17.7,17.7,17.6,,12.5,13.8,15.1,17.7,17.6,18.6,21.1,21.1,20.4,,
Sudan,SDN,Fixed telephone subscriptions (per 100 people),IT.MLT.MAIN.P2,0.208239706,0.166926,0.166926,0.166926,0.166926,0.277984092,0.226829,0.226829,0.226829,0.226829,0.294554562,0.24173,0.24173,0.24173,0.24173,0.313390347,0.307123386,0.29657976,0.287368075,0.277254778,0.272017069,0.263577996,0.266330094,0.276817625,0.286828068,0.295339556,0.292395426,0.29037793,0.288454689,0.289593333,0.282,0.283,0.279,0.273,0.266,0.304,0.392,0.436,0.613,0.927,1.39,1.57,2.3,3.13,3.37,1.82,1.56,1.05,1.09,1.07,1.54,1.34,1.15,1.1,1.07,0.297,0.331,0.335,0.31,0.303,0.277,0.274,0.315,,,
Senegal,SEN,Fixed telephone subscriptions (per 100 people),IT.MLT.MAIN.P2,0.290054586,0.296063,0.296063,0.296063,0.296063,0.26519051,0.271527,0.271527,0.271527,0.271527,0.252716276,0.25926,0.25926,0.25926,0.25926,0.285899822,0.287578389,0.287267272,0.286919831,0.310900905,0.315592802,0.322964962,0.323381031,0.32171752,0.332429226,0.339886561,0.369653238,0.396565128,0.406725899,0.493947416,0.574,0.61,0.711,0.761,0.836,0.927,1.05,1.25,1.47,1.7,2.07,2.32,2.15,2.13,2.23,2.37,2.46,2.29,1.97,2.26,2.71,2.67,2.55,2.51,2.2,2.06,1.9,1.88,1.9,1.27,1.36,1.52,1.68,2.21,,
Singapore,SGP,Fixed telephone subscriptions (per 100 people),IT.MLT.MAIN.P2,2.317999299,2.27251,2.27251,2.27251,2.27251,3.137504024,3.10881,3.10881,3.10881,3.10881,5.162549774,5.13651,5.13651,5.13651,5.13651,9.424280771,11.81567471,14.82859444,17.8799957,20.35438458,22.35162736,24.04828117,25.64650316,27.04254918,28.94656622,29.97504834,30.59841941,31.48078936,32.5887067,33.88245143,34.7,35.1,36.2,37.5,39,40.4,42.6,44.4,45.6,47.3,48.2,47.3,46.5,45.7,44.5,43.2,42.1,40.5,39,38.9,39.3,38.9,37.5,36.5,36.6,36.5,35.8,35.5,35.5,33.7,33.6,34.3,35.1,33,,
Solomon Islands,SLB,Fixed telephone subscriptions (per 100 people),IT.MLT.MAIN.P2,,,,,,,,,,,,,,,,,,,,,,,0.599400599,0.656512605,0.746510994,0.806038433,0.866235992,0.940385889,1.048726453,1.192141404,1.41,1.42,1.46,1.5,1.61,1.69,1.82,1.89,1.89,1.89,1.75,1.65,1.44,1.34,1.47,1.53,1.55,1.56,1.57,1.58,1.58,1.52,1.41,1.28,1.22,1.16,1.12,1.08,1.05,0.976,0.94,0.918,0.893,,,
Sierra Leone,SLE,Fixed telephone subscriptions (per 100 people),IT.MLT.MAIN.P2,,,,,,0.107118373,0.107646,0.107646,0.107646,0.107646,,0.107646,0.107646,0.107646,0.107646,,,,,,0.34001717,0.334583609,0.343383401,0.353898588,0.399589555,0.338452438,0.392930683,0.320426276,0.311867175,0.309196752,0.316,0.319,0.332,0.348,0.378,0.398,0.409,0.409,0.405,0.422,0.429,0.485,0.483,0.489,0.495,0.505,0.516,0.527,0.534,0.542,0.225,0.25,0.275,0.238,0.24,0.242,0.236,0.23,0.0576,0.00616,0.00239,0.00332,0.00325,,,
El Salvador,SLV,Fixed telephone subscriptions (per 100 people),IT.MLT.MAIN.P2,,,,,,0.383707406,0.381094,0.381094,0.381094,0.381094,0.793017029,0.781363,0.781363,0.781363,0.781363,1.17986112,1.319929252,1.456527357,1.476168762,1.513521195,1.526571793,1.597872493,1.730536116,1.715426212,1.803702423,1.855659406,1.833149996,1.936118566,2.043771903,2.274160117,2.31,2.37,2.95,3.07,4.13,4.94,5.6,6.17,6.57,8.38,10.5,10.9,11.2,12.5,14.8,16.2,17.3,18,17.9,18.2,16.5,16.9,17.3,15.6,15.5,15.3,15.2,14.9,14.8,14.4,14.3,13.7,13.7,,,
San Marino,SMR,Fixed telephone subscriptions (per 100 people),IT.MLT.MAIN.P2,,,,,,,,,,,,,,,,,,,,,,,,31.85872929,32.58508327,34.1711254,36.62349263,38.32954495,39.126963,42.35846161,43.6,45.4,56,57.6,58.1,63.9,67,68,74,75.2,75.8,75.5,74.9,74.3,73.6,73,72.6,71.9,71.7,67.9,63.9,58.1,55.9,55.8,55.2,48.8,46.8,52.4,47.8,46.2,46,46.3,46.9,,,
"Somalia, Fed. Rep.",SOM,Fixed telephone subscriptions (per 100 people),IT.MLT.MAIN.P2,0.043508067,0.0453198,0.0453198,0.0453198,0.0453198,,0.0453198,0.0453198,0.0453198,0.0453198,,0.0453198,0.0453198,0.0453198,0.0453198,,,,,,,0.134795005,0.134413006,0.130239855,0.125608021,0.120652058,0.21712135,0.209555625,0.209483719,0.21320816,0.212,0.22,0.231,0.225,0.213,0.206,0.199,0.192,0.282,0.283,0.283,0.38,0.366,1.01,0.973,0.939,0.911,0.883,0.857,0.836,0.816,0.729,0.562,0.497,0.429,0.369,0.335,,0.484,0.568,0.547,0.527,0.511,,,
Serbia,SRB,Fixed telephone subscriptions (per 100 people),IT.MLT.MAIN.P2,,,,,,,,,,,,,,,,,,,,,,,,,,,,,,,,,,,,,,,,,,,,,29.1,33.8,36.6,40.5,41.9,42.4,42.7,42,41.4,42.4,40.1,39.2,38.1,37.3,37,37,37.4,37.4,38.2,37.4,,
Sub-Saharan Africa (excluding high income),SSA,Fixed telephone subscriptions (per 100 people),IT.MLT.MAIN.P2,0.511579539,0.517529682,0.519053425,0.520501858,0.521859797,,0.498427686,0.499347384,0.500201354,0.501035082,0.624054971,0.506222125,0.507150661,0.507938016,0.508402532,0.706600925,0.694686401,0.725753333,0.786404718,0.817400386,0.847811277,0.703684811,0.73286236,0.764634353,0.777510884,0.804433559,0.850795471,0.87349097,0.90580713,0.943839357,0.988085491,1.006360522,1.001284543,1.02146251,1.054361392,1.10356799,1.155724244,1.228938602,1.32251056,1.414524772,1.380310591,1.401919885,1.446046237,1.493475623,1.513800604,1.473768733,1.535519433,1.528498891,1.488375839,1.555002116,1.455177499,1.365527227,1.276828801,1.104826749,1.082153506,1.052125408,1.078146689,1.039947069,0.833293844,0.705509795,0.6,0.5,0.5,0.5,0.4,0.4
South Sudan,SSD,Fixed telephone subscriptions (per 100 people),IT.MLT.MAIN.P2,,,,,,,,,,,,,,,,,,,,,,,,,,,,,,,,,,,,,,,,,,,,,,,,,,,0.0246,0.0214,0.00139,0,0,0,0,0,0,,,,0,0,,
Sub-Saharan Africa,SSF,Fixed telephone subscriptions (per 100 people),IT.MLT.MAIN.P2,0.511579539,0.517529682,0.519053425,0.520501858,0.521859797,,0.498427154,0.499346659,0.500200451,0.501034008,0.624101703,0.506285236,0.507213557,0.508000729,0.508465075,0.707036088,0.695172248,0.726429258,0.787164245,0.818265579,0.848865198,0.704454887,0.733735981,0.765591378,0.778690088,0.805642933,0.852144635,0.874814319,0.907174718,0.945240626,0.989650319,1.008007361,1.003014779,1.023295542,1.056352902,1.105671572,1.158198256,1.231684853,1.325316891,1.417382507,1.38324476,1.404864799,1.448907288,1.496258032,1.516515526,1.476432236,1.53802365,1.531179568,1.49093724,1.557914919,1.457530252,1.368472058,1.278951863,1.106992252,1.084206137,1,1.1,1,0.8,0.7,0.7,0.6,0.5,0.5,0.4,0.4
Small states,SST,Fixed telephone subscriptions (per 100 people),IT.MLT.MAIN.P2,,,,,,,,,,,,,,,,5.016666852,5.358355473,6.13831525,6.54964675,7.200084788,7.551238586,7.348108548,7.545924493,7.920709374,8.464973681,8.914475766,9.57565697,10.13190114,10.6781198,11.22401314,11.87143555,12.50869454,13.4466141,14.48735787,15.44955948,16.35280235,17.43263796,18.54846798,19.43814121,20.14861228,20.82071476,21.14217835,20.83150088,19.79039744,19.61632177,19.75096113,19.61436021,20.0676259,20.3071093,20.16800802,19.62240742,19.78856937,18.49065319,17.91505028,17.11332468,16.8,16.2,16.1,15.6,15.3,15.4,15.2,14.6,14.3,13.9,13.5
Sao Tome and Principe,STP,Fixed telephone subscriptions (per 100 people),IT.MLT.MAIN.P2,0.517357947,0.547417,0.547417,0.547417,0.547417,,0.547417,0.547417,0.547417,0.547417,,0.547417,0.547417,0.547417,0.547417,0.581145321,0.567678648,0.664459186,0.647542576,,,0.804678834,1.210716126,1.514856308,1.689043705,1.757858302,1.836352624,1.896783442,1.956109787,1.873217251,1.79,1.76,1.84,1.83,1.85,1.85,1.9,3.1,3.05,3.18,3.2,3.72,4.25,4.53,4.47,4.4,4.58,4.51,4.4,4.33,4.29,4.29,4.24,3.61,3.46,3.22,2.81,2.69,2.52,2.24,1.28,1.18,1.11,0.848,,
Suriname,SUR,Fixed telephone subscriptions (per 100 people),IT.MLT.MAIN.P2,,,,,,,,,,,,,,,,2.67609872,2.831744727,3.203131075,3.482732977,3.797679682,4.05292286,4.303209448,4.38736456,5.565761487,6.752967066,7.139739288,7.621084073,7.810929102,7.97135326,8.300764032,8.89,9.77,10.4,11.3,12,12.6,13,14.3,14.7,15.2,15.8,15.9,15.8,15.8,15.9,15.6,15.5,15.4,15.4,15.4,15.4,15.1,15.4,14.9,14.8,15.8,15.1,15,14.7,15.3,16.9,19.4,17.4,20.5,,
Slovak Republic,SVK,Fixed telephone subscriptions (per 100 people),IT.MLT.MAIN.P2,1.923312398,1.91593,1.91593,1.91593,1.91593,3.648506902,3.63191,3.63191,3.63191,3.63191,5.821816118,5.80133,5.80133,5.80133,5.80133,8.08609308,8.460929035,8.829681279,9.189538859,9.393774204,9.448633995,9.568555134,9.69845359,9.912175972,10.21403348,10.47921033,10.88966654,11.41717235,12.04212591,12.75309726,13.5,14.4,15.5,16.8,18.8,20.9,23.2,25.9,28.6,30.8,31.6,28.9,26.1,24.1,23.3,22.3,21.7,24.4,24,22.6,20.4,19.6,18,17.9,17,16,15.2,14,13.3,12.4,11.9,10.6,9.88,9.16,,
Slovenia,SVN,Fixed telephone subscriptions (per 100 people),IT.MLT.MAIN.P2,,,,,,,,,,,,,,,,,,,,,,,,,,14.67238714,,,,,21.1,22.9,24.8,26.5,29,30.9,33.4,35.8,36.5,38.2,39.5,40.3,40.6,40.8,49.9,51.1,51.4,49.9,48.3,46.1,44.5,43,40.7,38.8,37.4,36.6,35.3,35.8,34.9,33.9,33.5,32.9,31.9,30.5,,
Sweden,SWE,Fixed telephone subscriptions (per 100 people),IT.MLT.MAIN.P2,27.88374854,27.9223,27.9223,27.9223,27.9223,37.73973175,37.7888,37.7888,37.7888,37.7888,44.88208456,44.7304,44.7304,44.7304,44.7304,51.17693577,52.81923901,54.38437253,55.48647084,56.38838992,57.99011088,58.78748655,59.53800408,60.04460505,61.25210093,62.4857135,63.87462551,64.95027136,66.14205698,67.20766722,68.3,69.1,68.4,67.8,68,68.1,68.2,70.7,72.2,68.8,68.3,66.9,65.5,64.5,63.2,62.4,61.1,60.1,57.9,55.3,50.5,47.4,43.8,40.9,39,36.3,31.3,26,21.3,17,14.3,12.1,10.5,8.51,,
Eswatini,SWZ,Fixed telephone subscriptions (per 100 people),IT.MLT.MAIN.P2,0.347760567,0.356524,0.356524,0.356524,0.356524,0.515043122,0.534875,0.534875,0.534875,0.534875,0.564506114,0.579706,0.579706,0.579706,0.579706,0.659032255,0.675603666,0.66380493,0.6961352,0.794347012,0.87041653,0.980023044,1.09372217,1.133475514,1.166390818,1.18166287,1.292885024,1.293844878,1.485334213,1.513405137,1.56,1.58,1.61,1.68,1.87,2.18,2.28,2.49,2.84,3.04,3.06,3.21,3.31,4.33,4.15,4.09,4.08,4.11,4.11,4.09,4.76,6.78,4.05,4.07,3.91,3.76,3.65,3.18,3.78,3.6,3.94,3.32,3.18,3.41,,
Sint Maarten (Dutch part),SXM,Fixed telephone subscriptions (per 100 people),IT.MLT.MAIN.P2,,,,,,,,,,,,,,,,,,,,,,,,,,,,,,,,,,,,,,,,,,,,,,,,,,,,,,,,,,,,,,,,,,
Seychelles,SYC,Fixed telephone subscriptions (per 100 people),IT.MLT.MAIN.P2,,,,,,0.482097957,0.495917,0.495917,0.495917,0.495917,0.80913588,0.840208,0.840208,0.840208,0.840208,2.428498761,2.750036185,3.577874173,3.860702116,4.407534564,5.360698422,5.308660701,6.075111011,6.74853049,8.303388471,8.687511978,9.835489725,9.869948908,10.37708735,10.81928293,11.7,12.5,13.3,14.3,15.7,16.8,19.9,22.4,23.2,23.9,24.7,25.1,24.7,24.3,24.1,24,22.9,24.8,24.1,27.9,23.2,28.8,21,21.3,20.3,19.9,19,17.5,17.6,17.1,15.7,15.3,15.2,14.4,,
Syrian Arab Republic,SYR,Fixed telephone subscriptions (per 100 people),IT.MLT.MAIN.P2,0.843362153,0.850222,0.850222,0.850222,0.850222,1.061758783,1.06083,1.06083,1.06083,1.06083,1.26269148,1.25646,1.25646,1.25646,1.25646,1.707320912,1.765765873,1.880609447,2.033641239,2.220737338,2.69496842,3.313908037,3.522328514,3.721228725,4.085184744,4.174206327,4.171396159,4.130800284,4.100268902,4.063454034,3.95,3.87,3.84,4.11,4.83,6.56,7.98,8.51,9.34,9.86,10.1,10.7,12,13.5,14.5,15.4,16.5,16.5,16.8,17.6,18.1,18.7,18.7,20.4,17.9,18.2,18.1,14.2,14,14,13.6,13,12.4,11.9,,
Turks and Caicos Islands,TCA,Fixed telephone subscriptions (per 100 people),IT.MLT.MAIN.P2,,,,,,,,,,,,,,,,6.820647962,7.648470306,7.40848344,7.594936709,7.228587016,8.423269281,,,9.762502855,9.077023784,9.418398246,,,,,,,24.7,23.7,23,24.7,25.7,26.8,14,15.7,18.1,19.5,17.6,17.1,16.3,15.4,14.7,14.1,13.5,12.9,12.4,,11.5,11.9,11.7,10.9,,,,9.27,9.01,8.84,8.84,,,
Chad,TCD,Fixed telephone subscriptions (per 100 people),IT.MLT.MAIN.P2,,,,,,0.044959474,0.0453229,0.0453229,0.0453229,0.0453229,0.051807905,0.0521462,0.0521462,0.0521462,0.0521462,0.058764333,0.057650026,0.056623124,,,,0.01247385,0.014493293,0.02387237,0.032313421,0.042294151,0.044723104,0.045709633,0.060532136,0.064172888,0.0673,0.0664,0.0649,0.069,0.0698,0.0752,0.081,0.0974,0.109,0.118,0.121,0.121,0.13,0.131,0.131,0.126,0.187,0.289,0.392,0.49,0.416,0.25,0.211,0.229,0.166,0.116,0.0882,0.0555,0.0559,0.0391,0.031,0.0297,0.0284,,,
East Asia & Pacific (IDA & IBRD countries),TEA,Fixed telephone subscriptions (per 100 people),IT.MLT.MAIN.P2,,,,,,,,,,,,,,,,0.223936403,0.232351387,0.246091011,0.259690395,0.276471242,0.301451974,0.31773386,0.327927341,0.348033297,0.379152142,0.417174164,0.461407617,0.496912887,0.562070785,0.635848566,0.736810391,0.87254405,1.100368024,1.515796184,2.210718274,3.129681613,4.086324345,5.06342472,6.089088268,7.315786124,9.362284073,11.34584279,13.20755023,15.76761738,18.71949391,21.20758666,21.56020455,21.65862783,20.95313745,19.75602946,18.71925089,17.77140334,17.20683095,15.96786716,14.72905603,12.9,11.6,11.2,10.8,10.7,10.2,10.1,9.9,9.9,9.3,8.7
Europe & Central Asia (IDA & IBRD countries),TEC,Fixed telephone subscriptions (per 100 people),IT.MLT.MAIN.P2,,,,,,,,,,,,,,,,4.061542517,4.442261363,4.971147698,5.349850488,5.830021515,6.130824271,6.713386743,7.100769324,7.575878441,8.045618485,8.526920576,9.109725842,9.809490075,10.6444047,11.44141735,12.23673378,13.12362314,13.78940195,14.62171618,15.28743356,16.02123464,17.02248324,18.2715401,19.31686072,20.51458004,21.35950377,22.11248854,22.9363186,23.37631735,24.53686124,24.60067904,25.91526194,25.8611862,25.72177499,25.31405996,25.00076604,24.55781005,23.38663938,23.23633618,22.48057552,20.9,19.5,18.7,17.6,16.8,16.1,15.1,14.1,13.3,12.3,11.3
Togo,TGO,Fixed telephone subscriptions (per 100 people),IT.MLT.MAIN.P2,0.070487057,0.073647,0.073647,0.073647,0.073647,,0.073647,0.073647,0.073647,0.073647,0.13652604,0.141809,0.141809,0.141809,0.141809,,0.186794341,0.22047984,0.207915646,0.206428996,0.203762363,0.209168841,0.245589071,0.253819202,0.258365396,0.251460509,0.245829905,0.260231029,0.262630631,0.262218369,0.263,0.261,0.362,0.411,0.507,0.492,0.525,0.532,0.646,0.763,0.832,0.917,0.945,1.1,1.16,1.08,1.37,1.61,2.21,2.73,0.891,0.871,0.867,0.858,0.713,0.688,0.43,0.448,0.456,0.515,0.536,0.614,0.722,0.715,,
Thailand,THA,Fixed telephone subscriptions (per 100 people),IT.MLT.MAIN.P2,0.139672072,0.13559,0.13559,0.13559,0.13559,0.174529828,0.16969,0.16969,0.16969,0.16969,0.265424458,0.257561,0.257561,0.257561,0.257561,0.535341446,0.565873826,0.609189633,0.675695496,0.741732183,0.800214195,0.818023009,0.910517619,0.951768281,1.046585991,1.238262166,1.550018515,1.718056538,1.883268726,2.131680132,2.42,2.79,3.17,3.86,4.72,5.89,6.94,7.95,8.19,8.37,8.87,9.5,10.2,10.2,10.4,10.7,10.6,10.5,10.9,10.6,9.97,9.65,9.18,8.67,8.1,7.53,6.64,14,8.49,7.57,6.98,6.46,6.09,5.7,,
Tajikistan,TJK,Fixed telephone subscriptions (per 100 people),IT.MLT.MAIN.P2,,,,,,,,,,,,,,,,2.010266719,2.228036159,2.430455224,2.619094139,2.797073346,2.965917896,3.364782028,3.505567308,3.635122738,3.753172811,3.862165327,3.959751419,4.043431304,4.235277509,4.369025358,4.45,4.65,4.73,4.63,4.6,4.42,4.07,3.67,3.58,3.42,3.48,3.54,3.64,3.68,4.03,4.05,,4.07,3.91,4.64,4.81,4.86,4.9,5.17,5.23,5.29,5.28,5.27,,5.27,5.15,5.04,5.11,,,
Turkmenistan,TKM,Fixed telephone subscriptions (per 100 people),IT.MLT.MAIN.P2,,,,,,,,,,,,,,,,2.375522615,2.700325582,3.00862837,3.301144727,3.578595988,3.842252482,4.091466088,4.324724249,4.542207162,4.743585487,4.927796994,5.094744262,5.247048535,5.503374363,5.799016045,5.85,6.15,6.31,6.57,7.4,7.64,7.93,8.16,8.03,7.99,7.95,8.29,7.84,7.73,7.83,7.88,8.23,8.74,8.94,9.07,9.35,9.62,9.9,10.1,10.3,10.4,10.5,10.5,11.2,11.2,11.2,11.3,10.2,,,
Latin America & the Caribbean (IDA & IBRD countries),TLA,Fixed telephone subscriptions (per 100 people),IT.MLT.MAIN.P2,1.501237312,1.486802,1.481191725,1.475573421,1.470007985,1.619076235,1.609837245,1.604418166,1.599145934,1.5940702,2.016714722,2.009386511,2.005087058,2.000951168,1.996891497,2.78253746,2.957276613,3.219261622,3.520840902,3.752532704,3.944801062,4.132394925,4.378606167,4.505818327,4.773759991,5.027545127,5.171404418,5.347294348,5.589748223,5.800800466,6.127509099,6.515911419,7.077946167,7.610455249,8.363123625,8.966377948,9.797339241,10.76080481,11.73202625,13.02083641,14.6740667,16.20331703,16.56673173,16.97832705,17.42989109,17.86510382,17.76939895,18.02663151,18.60012109,18.36324866,18.1915244,18.21364969,18.39404016,18.05841194,17.6886886,17.8,17.6,16.7,16.3,14.9,14.5,14,13.4,13.2,12.5,11.8
Timor-Leste,TLS,Fixed telephone subscriptions (per 100 people),IT.MLT.MAIN.P2,,,,,,,,,,,,,,,,,,,,,,,,,,,,,,,,,,,,,,,,,,,,0.215,0.226,0.246,0.256,0.243,0.256,0.275,0.268,0.275,0.264,0.259,0.301,0.226,0.207,0.19,0.173,0.159,0.152,0.139,0.134,0.129,,
"Middle East, North Africa, Afghanistan & Pakistan (IDA & IBRD)",TMN,Fixed telephone subscriptions (per 100 people),IT.MLT.MAIN.P2,0.697098036,0.696361911,0.696537266,0.696708725,0.696946244,,0.761983054,0.762433795,0.7629075,0.763343861,0.862083855,0.85143559,0.851788385,0.852143212,0.852498179,1.233645141,1.343618319,1.389364212,1.43580957,1.485314048,1.756983478,1.691906162,1.925163949,2.047149305,2.166027246,2.435045462,2.644580718,2.812567104,2.959875078,3.118928618,3.310263055,3.511304619,3.896637793,4.303108224,4.773478208,5.29975303,5.829250871,6.360448456,6.991372894,7.699299992,8.398867604,9.2728346,10.53723511,11.75142658,12.34304859,13.91565507,14.77833715,15.561587,15.87032176,15.73907238,15.55694657,15.56582895,15.43313799,14.79037362,13.98285431,13.7,13.9,14,13.9,13.7,8.8,8.8,8.7,9,9.2,9.4
Tonga,TON,Fixed telephone subscriptions (per 100 people),IT.MLT.MAIN.P2,0.784540547,0.859087,0.859087,0.859087,0.859087,0.720850604,0.753245,0.753245,0.753245,0.753245,0.670644281,0.687603,0.687603,0.687603,0.687603,,0.526759376,0.521664737,0.530002286,0.953308603,,1.745038515,,2.887163465,2.645791676,2.678921013,2.781268671,2.874979464,3.471548617,4.049644741,4.4,5.09,5.49,5.91,6.45,6.6,7.76,7.25,8.38,8.92,9.45,10.5,10.8,11.5,12.4,13,17.4,19.7,23.9,28.9,28.9,27.9,27.9,29,11.3,12.5,10.4,13.9,13.9,6.28,6.62,10.3,3.12,,,
South Asia (IDA & IBRD),TSA,Fixed telephone subscriptions (per 100 people),IT.MLT.MAIN.P2,0.084155996,0.083528988,0.083561953,0.083595751,0.083631167,0.132093052,0.132474616,0.132509366,0.132542836,0.132571923,0.172355502,0.173798207,0.173866165,0.173949206,0.174024633,0.223831089,0.240351151,0.251289066,0.265722312,0.280065333,0.291774731,0.306268876,0.319367598,0.338800717,0.361339627,0.384566692,0.41507788,0.443100872,0.474735803,0.516591219,0.557174118,0.633136483,0.71435402,0.826230608,0.978156535,1.157072947,1.358585101,1.603485063,1.881852626,2.23234954,2.635693791,3.036441054,3.212807686,3.235670025,3.552068865,3.841392728,3.226546977,3.117852899,3.025128473,2.9790601,2.826860681,2.614621354,2.468848355,2.31952708,2.084771109,1.9,1.8,1.7,1.6,1.5,1.5,1.7,1.9,2,2.5,3.1
Sub-Saharan Africa (IDA & IBRD countries),TSS,Fixed telephone subscriptions (per 100 people),IT.MLT.MAIN.P2,0.511579539,0.517529682,0.519053425,0.520501858,0.521859797,,0.498427154,0.499346659,0.500200451,0.501034008,0.624101703,0.506285236,0.507213557,0.508000729,0.508465075,0.707036088,0.695172248,0.726429258,0.787164245,0.818265579,0.848865198,0.704454887,0.733735981,0.765591378,0.778690088,0.805642933,0.852144635,0.874814319,0.907174718,0.945240626,0.989650319,1.008007361,1.003014779,1.023295542,1.056352902,1.105671572,1.158198256,1.231684853,1.325316891,1.417382507,1.38324476,1.404864799,1.448907288,1.496258032,1.516515526,1.476432236,1.53802365,1.531179568,1.49093724,1.557914919,1.457530252,1.368472058,1.278951863,1.106992252,1.084206137,1,1.1,1,0.8,0.7,0.7,0.6,0.5,0.5,0.4,0.4
Trinidad and Tobago,TTO,Fixed telephone subscriptions (per 100 people),IT.MLT.MAIN.P2,,,,,,2.391051007,2.43491,2.43491,2.43491,2.43491,3.549434214,3.71287,3.71287,3.71287,3.71287,3.870905308,3.952435899,4.006127432,4.013062561,3.937211749,3.827984523,3.951360599,4.042639611,5.662471516,6.983178687,9.841346575,11.65919909,12.89934889,12.94437798,12.59407265,13.2,13.8,14.2,15,15.8,16.2,16.9,18.6,20.2,21.2,24,23.5,23.9,23.8,24,23.8,24,22.5,22.9,22,21.2,20.9,20.4,20.6,20.3,19,18.9,17.8,21.7,23.1,21.9,23,21.8,20.7,,
Tunisia,TUN,Fixed telephone subscriptions (per 100 people),IT.MLT.MAIN.P2,0.624912554,0.62749,0.62749,0.62749,0.62749,0.740361503,0.725603,0.725603,0.725603,0.725603,0.911359582,0.908407,0.908407,0.908407,0.908407,1.126697283,1.202361282,1.290053833,1.394112369,1.558557094,1.702604803,1.800698393,2.003770374,2.143678072,2.318950164,2.53256648,2.822760732,2.891214993,3.084540082,3.36090953,3.64,3.9,4.32,4.76,5.26,5.7,6.29,6.94,7.88,8.81,9.78,10.7,11.5,11.6,11.8,12.3,12.3,12.2,11.8,12,12,11.2,9.98,9.17,8.42,8.28,8.45,9.55,11.1,12.2,12.8,13.8,14.8,15.3,,
Turkiye,TUR,Fixed telephone subscriptions (per 100 people),IT.MLT.MAIN.P2,0.654393264,0.655314,0.655314,0.655314,0.655314,0.775664061,0.78572,0.78572,0.78572,0.78572,1.060710464,1.08093,1.08093,1.08093,1.08093,1.715461091,1.900958142,2.05712095,2.333394479,2.528828033,2.603325554,2.893516427,3.268720988,3.558056986,4.034958577,4.57113012,5.5344484,7.213387387,9.39421787,10.99613783,12.2,14.3,16.2,18.5,20.3,21.5,23.1,24.8,26.4,27.7,28.1,28.5,28.2,27.9,27.9,27.4,26.9,25.7,24.5,22.8,22.1,20.5,18.4,17.7,16.1,14.4,13.6,13.6,13.8,13.5,14.5,14.2,12.9,11.4,,
Tuvalu,TUV,Fixed telephone subscriptions (per 100 people),IT.MLT.MAIN.P2,,,,,,,,,,,,,,,,,,,,,,,,,,1.44074919,1.412429379,1.384881708,1.356852103,1.330819563,1.36,1.34,1.39,1.64,5.35,5.43,5.39,5.4,6.35,6.63,6.92,6.78,6.86,7.22,7.64,8.95,10.9,12.8,9.69,7.65,11.3,13.5,13.3,13.2,13.7,18.2,18.3,18.4,,18.9,19.2,19.6,21.1,,,
Tanzania,TZA,Fixed telephone subscriptions (per 100 people),IT.MLT.MAIN.P2,0.080956276,0.0808782,0.0808782,0.0808782,0.0808782,0.087966204,0.0879342,0.0879342,0.0879342,0.0879342,0.109977888,0.11065,0.11065,0.11065,0.11065,0.166561745,0.170830443,0.182054879,0.193700168,0.204736859,0.206087174,0.204635982,0.204912975,0.20777284,0.217361108,0.230681724,0.233490694,0.244483113,0.265889588,0.276771078,0.28,0.285,0.296,0.3,0.3,0.297,0.3,0.333,0.376,0.449,0.507,0.505,0.447,0.396,0.389,0.394,0.377,0.394,0.291,0.396,0.39,0.35,0.372,0.338,0.3,0.275,0.241,0.228,0.216,0.129,0.119,0.114,0.131,0.114,,
Uganda,UGA,Fixed telephone subscriptions (per 100 people),IT.MLT.MAIN.P2,0.091890698,0.103442,0.103442,0.103442,0.103442,0.113262392,0.125218,0.125218,0.125218,0.125218,0.135695574,0.148847,0.148847,0.148847,0.148847,0.17134149,0.166040872,0.169775828,0.177924736,0.159089901,0.147545631,0.150992829,0.165431657,0.169141296,0.143453826,0.170092058,0.166787135,0.162762291,0.163396642,0.16099146,0.159,0.156,0.16,0.107,0.151,0.189,0.226,0.247,0.253,0.246,0.257,0.227,0.215,0.231,0.264,0.313,0.376,0.559,0.552,0.743,1.01,1.39,0.917,0.772,0.891,0.876,0.949,0.653,0.197,0.199,0.204,0.229,0.223,0.237,,
Ukraine,UKR,Fixed telephone subscriptions (per 100 people),IT.MLT.MAIN.P2,2.812797827,2.8128,2.8128,2.8128,2.8128,3.534979227,3.53498,3.53498,3.53498,3.53498,4.459852314,4.45985,4.45985,4.45985,4.45985,5.742531115,6.117897264,6.492069886,6.864958572,7.235998077,7.604743535,7.9714574,8.535238197,9.115873211,9.654996436,10.21194138,10.76767872,11.32344855,12.14073159,12.99832925,13.7,14.3,14.7,15.2,15.8,16.3,18.3,18.7,19.5,20.4,21.3,22,22.6,23.3,25.7,24.9,26.6,27.8,28.5,28.3,28.3,27.8,26.9,26.2,24.7,21.3,19.8,16.9,14.4,9.96,7.94,5.51,4.24,3.5,,
Upper middle income,UMC,Fixed telephone subscriptions (per 100 people),IT.MLT.MAIN.P2,,,,,,,,,,,,,,,,1.060137502,1.136741849,1.220973223,1.315177565,1.401895636,1.490505636,1.595819561,1.696950513,1.783243754,1.900181931,2.021881278,2.147756393,2.297297136,2.496764629,2.68077382,2.89795209,3.152750232,3.536648298,4.05946167,4.799345639,5.675487411,6.658809251,7.67121757,8.744996928,10.05135625,12.0171304,13.92783845,15.51015646,17.67175621,19.90561899,21.70894399,22.43386052,22.51690335,21.92442676,20.87031968,20.21267552,19.68635095,19.26358797,18.30844547,17.16023858,15.7,14.7,14.3,13.7,13.2,12.8,12.6,12.3,12.3,11.6,11
Uruguay,URY,Fixed telephone subscriptions (per 100 people),IT.MLT.MAIN.P2,4.349509158,4.33302,4.33302,4.33302,4.33302,5.297663395,5.26992,5.26992,5.26992,5.26992,5.734222377,5.69437,5.69437,5.69437,5.69437,6.511264488,6.675673638,6.943186517,6.972356657,7.209096792,7.44815912,7.634666138,7.817716407,8.274585188,8.631050227,9.524081928,10.09224962,10.19959873,11.22212258,12.13181367,13.4,14.5,15.7,16.8,18.3,19.5,20.9,23.6,25.4,27.6,28.4,29,28.9,28.6,30.4,30.6,30,29.3,29.1,28.8,29,29,30.3,31.3,32.3,32.9,33,33.6,34,34.3,35.4,36.4,37.1,35.6,,
United States,USA,Fixed telephone subscriptions (per 100 people),IT.MLT.MAIN.P2,27.96378775,26.3865,26.3865,26.3865,26.3865,30.72640551,29.1834,29.1834,29.1834,29.1834,34.46292222,32.9521,32.9521,32.9521,32.9521,38.10918321,38.82495966,39.65235267,40.58675269,41.39694751,42.25239419,46.77923647,47.15725671,48.01107092,48.35354116,49.32498245,49.80326512,51.19350727,52.45280929,53.68539299,53.7,54.4,55.2,56.4,57.8,59.5,61.5,63.6,65.1,68,68.4,67.4,65.9,63.1,60.7,59.2,56.1,52.5,53.4,49.6,48.1,45.6,43.7,41.6,39.8,38.3,36.9,35,32.9,31.5,30,28.6,27.5,25.6,,
Uzbekistan,UZB,Fixed telephone subscriptions (per 100 people),IT.MLT.MAIN.P2,,,,,,,,,,,,,,,,2.519009888,2.725862713,3.122516412,3.299390523,3.53495268,3.6370183,4.04024525,4.302195022,4.547347419,4.831092502,5.148589112,5.441807999,5.766054399,6.122440233,6.715448347,6.85,6.96,7.12,7.02,6.93,6.74,6.56,6.49,6.37,6.53,6.68,6.63,6.62,6.68,6.72,6.8,6.9,6.73,6.73,6.65,6.67,6.69,6.77,6.73,8.3,9.16,10.9,10.8,10.7,17.2,16.3,16.8,16.3,17.2,,
St. Vincent and the Grenadines,VCT,Fixed telephone subscriptions (per 100 people),IT.MLT.MAIN.P2,,,,,,,,,,,1.625041896,1.76778,1.76778,1.76778,1.76778,3.051627374,3.180242386,3.298609465,3.341616778,3.321419884,3.302940082,3.439319715,3.494411511,3.555669013,3.572011239,4.886119777,5.386576651,6.262861233,7.138013491,8.034188034,11.7,13,13.9,14.6,15.2,16.1,17.1,18.1,18.6,20.8,21.9,23,24.1,18.7,16.9,20,20.2,20.6,20.5,20.8,19.7,20.8,17.8,17.6,22.2,23.2,19.3,19,19,17.2,16.8,11.9,10.8,10.1,,
"Venezuela, RB",VEN,Fixed telephone subscriptions (per 100 people),IT.MLT.MAIN.P2,1.532437973,1.53528,1.53528,1.53528,1.53528,1.837298354,1.83651,1.83651,1.83651,1.83651,2.456964808,2.44814,2.44814,2.44814,2.44814,3.802256263,4.260616454,4.418109235,4.578041625,4.740162034,5.259544034,5.497605705,5.94859745,6.185087751,6.469237669,6.973323762,7.400377764,7.647767935,7.753783489,7.601280437,7.5,7.87,8.81,9.8,10.7,11.1,11.8,12.1,11,10.6,10.3,10.8,11.2,11.4,12.7,13.6,15.5,18.8,22.9,24.1,24.6,25.1,25.9,26,25.8,25.4,24.9,19.4,18.6,18.5,18.5,11.4,9.51,,,
British Virgin Islands,VGB,Fixed telephone subscriptions (per 100 people),IT.MLT.MAIN.P2,,,,,,,,,,,8.349859096,8.14084,8.14084,8.14084,8.14084,14.78311613,13.71308017,15.03119682,16.12752867,16.36631114,16.563147,,,,17.71347918,19.67126193,19.34680726,24.79988666,31.31638457,36.29978133,41.3,45.5,46.4,47.3,50.3,52.7,52.6,52.2,52,51.7,51.4,50.5,54.6,71.4,75.8,66.6,62.8,58.2,54.1,49.8,46.1,43.6,40.4,38.1,35.9,34.1,33,29.2,18.1,56.6,55,59.7,16.7,,,
Virgin Islands (U.S.),VIR,Fixed telephone subscriptions (per 100 people),IT.MLT.MAIN.P2,,,,,,,,,,,,,,,,,,,,,,29.5463113,29.74808346,29.7922282,36.69673222,38.26830991,40.22920837,41.35731372,44.44279611,46.03503896,46.1,49.5,51.9,53.8,55.6,54.5,55.3,57.5,59.8,61.9,62.9,63.9,64,64.4,65.7,66.6,67.5,68.5,69.4,70.3,71.3,,,73.7,74.6,75.8,,,,85,86.7,87.1,87.7,,,
Viet Nam,VNM,Fixed telephone subscriptions (per 100 people),IT.MLT.MAIN.P2,0.022057883,0.0220906,0.0220906,0.0220906,0.0220906,,0.0220906,0.0220906,0.0220906,0.0220906,,0.0220906,0.0220906,0.0220906,0.0220906,,,,,,,,0.116838908,0.119274299,0.119848927,0.120378565,0.124140192,0.122942729,0.121803604,0.122200163,0.15,0.205,0.224,0.374,0.624,1.08,1.62,1.8,2.32,2.76,3.3,3.91,4.99,5.53,12.6,,10.4,13.4,17.3,20.2,16.4,11.5,10.7,7.43,7.34,7.89,5.96,4.61,4.46,3.76,3.27,3.16,2.4,2.31,,
Vanuatu,VUT,Fixed telephone subscriptions (per 100 people),IT.MLT.MAIN.P2,,,,,,,,,,,0.574593762,0.585638,0.585638,0.585638,0.585638,0.99009901,1.015748854,1.011317563,1.096403262,,,,1.28486925,1.367333896,1.375959591,1.177142256,1.499765547,1.571922604,1.602474778,1.63064526,1.76,2.01,2.29,2.56,2.7,2.52,2.62,2.75,2.9,3.02,3.56,3.54,3.38,3.26,3.29,3.3,3.47,3.99,4.58,3.1,2.98,2.41,1.95,2.16,2.2,1.8,1.67,1.62,1.46,1.3,1.16,1.19,1.1,,,
World,WLD,Fixed telephone subscriptions (per 100 people),IT.MLT.MAIN.P2,,,,,,,5.15286869,5.110877723,5.067404206,5.02290622,,6.082470843,6.0258731,5.969107417,5.911811965,6.016520757,6.239852884,6.533435363,6.859463228,7.15804405,7.52038003,7.689103326,7.727061005,7.912410292,8.123695775,8.356484606,8.553916256,8.799354768,9.104478956,9.422376069,9.78722779,10.09774158,10.43154872,10.84465631,11.38570567,12.02365575,12.71308323,13.45625422,14.04936243,14.95703118,15.91082907,16.65910808,17.22039424,17.82863346,18.69446673,19.1,19.2,18.8,18.5,18.4,17.8,17.2,16.7,16,15.1,14.1,13.4,13,12.4,11.9,11.5,11.2,10.9,10.6,10.2,9.9
Samoa,WSM,Fixed telephone subscriptions (per 100 people),IT.MLT.MAIN.P2,,,,,,,,,,,,,,,,,,,,,,2.089175041,2.127213351,2.156411731,2.188524934,2.221995352,2.254079885,2.278546287,2.358884934,2.382569124,2.43,2.46,3.82,4.13,4.27,4.47,4.69,4.76,4.74,4.72,4.69,5.28,6.39,7.17,8.8,10.4,,,,,4.14,,4.21,4.23,5.89,5.68,4.76,4.12,,2.86,2.83,2.81,2.12,,,
Kosovo,XKX,Fixed telephone subscriptions (per 100 people),IT.MLT.MAIN.P2,,,,,,,,,,,,,,,,,,,,,,,,,,,,,,,,,,,,,,,,,,,,,,5.85,5.86,5.88,5.9,5.92,5.94,,,,,,,,,,,,6.53,,,
"Yemen, Rep.",YEM,Fixed telephone subscriptions (per 100 people),IT.MLT.MAIN.P2,,,,,,,,,,,,,,,,,,,,,0.184248932,0.253654462,0.393110333,0.487223747,0.545743536,0.61145693,0.6491855,0.681226728,0.70475759,0.720924412,0.897,0.907,0.957,1.04,1.07,1.12,1.18,1.23,1.35,1.49,1.77,2.09,2.6,3.23,3.61,3.96,4.11,4.2,3.83,3.85,3.91,3.9,3.88,3.9,3.87,3.67,3.63,3.6,,3.53,3.43,1.96,1.9,,,
South Africa,ZAF,Fixed telephone subscriptions (per 100 people),IT.MLT.MAIN.P2,3.934598356,3.80128,3.80128,3.80128,3.80128,3.934916174,3.8948,3.8948,3.8948,3.8948,4.095079887,4.15047,4.15047,4.15047,4.15047,4.484450362,4.641186089,4.816205155,5.002962233,5.25490213,5.539047587,5.916170979,6.242647051,6.501821926,6.570268143,6.807618436,7.261574787,7.388256588,7.664425487,7.965962845,8.14,8.24,8.15,8.3,8.58,8.99,9.44,10.2,11,11.8,10.5,10.4,10.2,10.1,10,9.89,9.78,9.66,9.54,9.41,9.29,9.16,9.01,7.09,6.56,7.28,7.9,8.35,5.71,3.4,3.47,2.39,2.1,2.14,,
Zambia,ZMB,Fixed telephone subscriptions (per 100 people),IT.MLT.MAIN.P2,0.48085708,0.488476,0.488476,0.488476,0.488476,0.467465495,0.478929,0.478929,0.478929,0.478929,0.541844528,0.555148,0.555148,0.555148,0.555148,0.575918885,0.555153955,0.56369872,0.556446385,0.552772307,0.570917821,0.592235805,0.596471607,0.59597175,0.644552033,0.654637462,0.684432243,0.717655706,0.801883656,0.877687593,0.836,0.864,0.928,0.931,0.93,0.874,0.866,0.838,0.819,0.853,0.832,0.83,0.823,0.805,0.809,0.808,0.77,0.731,0.696,0.67,0.848,0.594,0.553,0.752,0.72,0.708,0.6,0.582,0.559,0.522,0.377,0.336,0.478,0.392,,
Zimbabwe,ZWE,Fixed telephone subscriptions (per 100 people),IT.MLT.MAIN.P2,1.444969012,1.45631,1.45631,1.45631,1.45631,1.461610902,1.45376,1.45376,1.45376,1.45376,1.44149879,1.41796,1.41796,1.41796,1.41796,1.339525803,1.346625136,1.336237596,1.38448896,1.397075317,1.356255371,1.292728487,1.265169424,1.271249375,1.2364014,1.204036676,1.203356012,1.231313907,1.21288709,1.232487666,1.22,1.21,1.19,1.18,1.24,1.39,1.57,1.86,2.04,2.03,2.1,2.12,2.38,2.46,2.56,2.63,2.66,2.69,2.69,2.93,2.84,2.62,2.18,2.17,2.32,2.32,2.09,1.78,1.79,1.74,1.62,1.54,1.81,1.89,,
